62,62,62,50,38,62,50
64,64,64,52,40,64,52
65,65,65,53,41,65,53
64,64,64,52,40,64,52
62,62,62,50,38,62,50
69,69,69,57,45,69,57
74,74,74,62,50,74,62
69,69,69,57,45,69,57
70,70,70,58,46,70,58
67,67,67,55,43,67,55
64,64,64,52,40,64,52
69,69,69,57,45,69,57
65,65,65,53,41,65,53
62,62,62,50,38,62,50
67,67,67,55,43,67,55
64,64,64,52,40,64,52
61,61,61,49,37,61,49
57,57,57,45,33,57,45
70,70,70,58,46,70,58
67,67,67,55,43,67,55
64,64,64,52,40,64,52
57,57,57,45,33,57,45
73,73,73,61,49,73,61
70,70,70,58,46,70,58
67,67,67,55,43,67,55
57,57,57,45,33,57,45
76,76,76,64,52,76,64
73,73,73,61,49,73,61
69,69,69,57,45,69,57
70,70,70,58,46,70,58
67,67,67,55,43,67,55
69,69,69,57,45,69,57
65,65,65,53,41,65,53
67,67,67,55,43,67,55
64,64,64,52,40,64,52
65,65,65,53,41,65,53
62,62,62,50,38,62,50
64,64,64,52,40,64,52
61,61,61,49,37,61,49
62,62,62,50,38,62,50
59,59,59,47,35,59,47
61,61,61,49,37,61,49
57,57,57,45,33,57,45
59,59,59,47,35,59,47
61,61,61,49,37,61,49
62,62,62,50,38,62,50
64,64,64,52,40,64,52
65,65,65,53,41,65,53
67,67,67,55,43,67,55
69,69,69,57,45,69,57
70,70,70,58,46,70,58
72,72,72,60,48,72,60
74,74,74,62,50,74,62
75,75,75,63,51,75,63
66,66,66,54,42,66,54
67,67,67,55,43,67,55
61,61,61,49,37,61,49
62,62,62,50,38,62,50
56,56,56,44,32,56,44
57,57,57,45,33,57,45
62,62,62,38,26,62,50,38
62,62,62,38,26,50,38
62,62,62,38,26,64,50,38
62,62,62,38,26,50,38
62,62,62,38,26,65,50,38
62,62,62,38,26,50,38
62,62,62,38,26,67,50,38
38,26,50,38
62,69,38,26,50,38
62,38,26,50,38
62,64,38,26,50,38
74,69,62,65
74,69,62
74,69,62,62
73,67,62,64
73,67,62
73,67,62,61
62,62,50,38
62,50,38
62,57,50,38
50,38
62,58,50,38
62,50,38
62,55,50,38
77,74,62,57
77,74,62
77,74,62,62
76,73,62,64
76,73,62
76,73,62,61
62,62,50,38
62,50,38
62,65,50,38
50,38
62,67,50,38
62,50,38
62,64,50,38
81,74,62,65
81,74,62
81,74,62,69
79,73,62,70
79,73,62
79,73,62,67
62,38,26,69,50
62,38,26
62,38,26,73,52
62,38,26
62,38,26,74,53
62,38,26
62,38,26,76,55
38,26
62,38,26,77,57
62,38,26
62,38,26,73,52
77,74,62,74,53
77,74,62
77,74,62,69,50
76,73,62,70,55
76,73,62
76,73,62,67,52
62,69,53
62
62,65,50
62,67,52
62
62,64,49
74,69,62,65,50
74,69,62
74,69,62,69,53
73,67,62,70,55
73,67,62
73,67,62,67,52
62,69,53
62
62,74,65
62,76,67
62
62,73,64
74,65,62,74,65
74,65,62
74,65,62,77,69
73,64,62,79,70
73,64,62
73,64,62,76,67
62,38,26,77,69
62,38,26
62,38,26,81,67
62,38,26
62,38,26,83,65
62,38,26
62,38,26,85,64
38,26
62,38,26,86,65
62,38,26
62,38,26,81,62
67,62,62,82,74
67,62,62,74
67,62,62,79,74
64,61,62,81
64,61,62
64,61,62,76
62,77,57
62,77
62,77,62
62
62,76,64
62,76
62,76,65
62,77,67
62
62,73,64
65,62,62,74,65
65,62,62
65,62,62,77,69
64,61,62,79,70
64,61,62
64,61,62,76,67
62,77,69
62
62,81,65
62,82,67
62
62,79,64
62,65,62,81,65
62,65,62
62,65,62,86,62
61,64,62,82,67
61,64,62
61,64,62,79,64
62,65,62,38,26,81,65
62,65,62,38,26
62,65,62,38,26,86,62
62,65,38,26
62,65,62,38,26,79,58
62,65,62,38,26
62,65,62,38,26,76,55
62,77,57
62
62,86,53
62,76,55
62
62,73,52
62,74,53
62
62,86,38
62
62,81,41
62
62,77,45
74,50
81,41
77,45
74,50
69,53
77,45
74,50
69,53
65,57
74,50
69,53
65,57
62,62,38,26,62,62
62,62,38,26,62
64,64,38,26,64,62
64,64,38,26
65,65,38,26,65
38,26,65
38,26
64,64,64
64,64
62,62,62
62,62
69,69,65,50,38,69,50
69,69,50,38,69
69,69,67,52,40,69,52
69,69,52,40
74,74,69,53,41,74,53
74,74,74,53
74,74,74
74,74,67,52,40,74,52
74,74,52,40
69,69,65,50,38,69,50
69,69,65,50,38
70,70,65,55,43,70,55
55,43
67,67,64,67,65
64
64,64,64,64,61
64
69,69,64,53,41,69,53
53,41
65,65,62,65,62
62
62,62,62,62,58
62
67,67,62,52,40,67,52
67,67,62,52,40,67
67,67,62,52,40,67,53
52,40
64,64,67,64,55
67
61,61,67,61,52
67
57,57,67,50,38,57,50
57,57,67,50,38,57
57,57,67,50,38,57,52
67,50,38,57,52
50,38
70,70,64,55,70
70,70,70
70,70,61,52,70
70,70,70
70,70,55,49,37,70,49
70,70,55,49,37,70
70,70,55,49,37,70,50
49,37
67,67,70,67,52
70
64,64,70,64,49
70
57,57,70,50,38,57,50
57,57,70,50,38,57
57,57,70,50,38,57,53
70,50,38,57,53
50,38
73,73,67,52,73
73,73,73
73,73,64,50,73
73,73,73
73,73,55,52,40,73,52
73,73,55,52,40,73
73,73,55,52,40,73,53
52,40
70,70,73,70,55
73
67,67,73,67,52
73
57,57,73,53,41,57,53
57,57,73,53,41,57
57,57,73,53,41,57,57
73,53,41,57,57
53,41
76,76,70,55,76
76,76,76
76,76,67,53,76
76,76,76
76,76,55,55,43,76,55
76,76,55,55,43,76
76,76,55,55,43,76,43
55,43
73,73,76,55,43,73,55
76,55,43
69,69,76,55,43,69,53
76,55,43
70,70,76,55,43,70,55
76,55,43,55
67,67,76,55,43,67,55
55,43
69,69,73,55,43,69
55,43
65,65,69,55,43,65
55,43
67,67,70,55,43,67
55,43
64,64,67,55,43,64,43
55,43
65,65,69,55,43,65,55
55,43
62,62,65,55,43,62,53
55,43
64,64,67,55,43,64,55
55,43,55
61,61,64,55,43,61,55
55,43
62,62,65,55,43,62
65,55,43
59,59,62,55,43,59
62,55,43
61,61,69,55,43,61,52,43
69,55,43,52,43
57,57,69,55,43,57,52,43
69,55,43,52,43
59,59,69,55,43,59,43
69,55,43
61,61,69,55,43,61,45
69
62,62,69,62,47
69
64,64,69,64,49
69
65,65,69,65,50
69
67,67,69,67,52
69
69,69,69,54,42,69,54
69
70,70,69,55,43,70,55
69
72,72,69,57,45,72,57
69
72,72,69,57,45,72,57
69
74,74,69,58,46,74,58
69
75,75,69,60,48,75,60
69
66,66,69,60,48,66,62,60
62
67,67,62,59,47,67,62,59
67,67,62,67,62,59
58,46,64,73,58
58,46
57,45,65,74,57
64,64,61,57,45,64,61,57
65,65,62,56,44,62,65,56
65,65,62,62,65,56
55,43,64,73,55
55,43
53,41,65,74,53
74
77,74,71,44,32,74,71,50,44
77,74,71,44,32,74,76,71,50,44
77,74,71,44,32,76,71,50,44
77,74,71,44,32,77,76,71,50,44
77,74,71,44,32,77,71,50,44
77,74,71,77,71
77,74,71,45,33,77,71,45
77,74,71,45,33,77,76,71,45
77,74,71,45,33,76,71,45
45,33,74,45,53
45,33,45,53
45,33,72,45,53
47,35,71,47
47,35,47
47,35,69,47
47,35,69,47,71
71
74,65,68,47,35,71,56,47
74,65,68,47,35,71,72,56,47
74,65,68,47,35,72,56,47
74,65,68,47,35,74,72,56,47
74,65,68,47,35,74,56,47
74,65,68,74
74,65,68,48,36,74,48
74,65,68,48,36,74,72,48
74,65,68,48,36,72,48
48,36,71,52,48
48,36,52,48
48,36,69,52,48
50,38,68,50
50,38,50
50,38,66,50
64,59,56,50,38,64,56,59,50
64,50,38,64,56,59,50
64,64,76,50,38,64,56,59,50
50,38,56,59,50
66,66,74,50,38,66,56,59,50
50,38,56,59,50
68,68,72,50,38,68,56,59,50
69,69,71,69
71,71,69,71
72,72,68,72
74,74,66,74
76,76,64,49,37,76,49,57,52
64,57,52
77,77,64,50,38,77,50,57,52
64
79,79,64,52,40,79,52
64
79,79,64,52,40,79,52
64
81,81,64,53,41,81,53
64
82,82,64,55,43,82,55
64
73,73,64,55,43,64,73,55,58
64,55,43
74,74,65,53,41,65,74,53,57
68,68,59,53,41,62,68,53,59
53,41
69,69,60,52,40,64,69,52,60
63,63,51,51,39,63,51
63,51,39
64,64,52,52,40,64,52
64,52,40
57,57,57,45,33,57,45
57,57,57,45,33,45
57,57,57,45,33,59,45
57,57,57,45,33,45
57,57,57,45,33,60,45
57,57,57,45,33,45
57,57,57,45,33,62,45
57,45,33,45
57,64,45,33,45
57,45,33,45
57,59,45,33,45
45,33
69,64,57,60
69,64,57
69,64,57,57
68,62,57,59
68,62,57
68,62,57,56
57,57,45,33
57,45,33
57,52,45,33
45,33
57,53,45,33
57,45,33
57,50,45,33
72,69,57,52
72,69,57
72,69,57,57
71,68,57,59
71,68,57
71,68,57,56
57,57,45,33
57,45,33
57,60,45,33
45,33
57,62,45,33
57,45,33
57,59,45,33
76,69,57,60
76,69,57
76,69,57,64
74,68,57,65
74,68,57
74,68,57,62
57,45,33,64,45
57,45,33
57,45,33,68,47
57,45,33
57,45,33,69,48
57,45,33
57,45,33,71,50
45,33
57,45,33,72,52
57,45,33
57,45,33,68,47
45,33
72,69,57,69,48
72,69,57
72,69,57,64,45
71,68,57,65,50
71,68,57
71,68,57,62,47
57,64,48
57
57,60,45
57,62,47
57
57,59,44
69,64,57,60,45
69,64,57
69,64,57,64,48
68,62,57,65,50
68,62,57
68,62,57,62,47
57,64,48
57
57,69,60
57,71,62
57
57,68,59
69,60,57,69,60
69,60,57
69,60,57,72,64
68,59,57,74,65
68,59,57
68,59,57,71,62
57,45,33,72,64
57,45,33
57,45,33,68,59
45,33
57,45,33,69,60
57,45,33
57,45,33,64,56
45,33
62,57,57,65,57
62,57,57,57
62,57,57,62,57
59,56,57,64,56,50,45
59,56,57,56,50,45
59,56,57,59,56,50,45
57,60,52,48,45
57,52,48,45
57,56,52,48,45
57,57
57
57,52
59,62,57,53
59,62,57
59,62,57,50
56,59,57,52
56,59,57
56,59,57,47
57,64,57,48,33
57,64,57,33
57,64,57,44,33
57,64,33
57,64,57,45,33
57,64,57,33
57,64,57,48,33
33
57,52
57
57,47
57,48
57
57,52
57,45,33,57
57,45,33
57,45,33,51,47
45,33,47
57,45,33,52,48
57,45,33,48
57,45,33,57,52
45,33,52
57,60,57
57,57
57,56,47
47
57,57,48
57,48
57,60,52
52
57,64,57
57,57
57,59,57
57,57
57,60
57
57,64
69
69,57,45
57,45
72,69,64
72,69,64,57,45
57,45
76,72,69
76,72,69,57,45
57,45
64,69,60
64,69,60,57,45
57,45
72,69,64
72,69,64,57,45
57,45
76,72,69
76,72,69,57,45
57,45
69,64,57,45,81,76,72
69,64,57,45
71,64,57,45,69
71,64,57,45
72,57,45,72,57
72,57,45,57
72,57,45,76,57
57,45,76,57
57,45
71,76,69,57,45,81,57
71,76,69,57,45,57
71,76,69,57,45,69,57
71,76,69,57,45
69,57,69,45,72,45
69,57,69,45,45
69,57,69,45,76,45
69,57,69,45
76,73,55,43,81,43
76,73,55,43,43
76,73,55,43,69,43
76,73,55,43
81,55,43,73,55
81,55,43,55
81,55,43,76,55
81,55,43
81,69,67,55,43,81,55
81,69,67,55,43,55
81,69,67,55,43,69,55
69,67,55,43
73,55,67,43,73,43
73,55,67,43,43
73,55,67,43,76,43
73,55,67,43
74,62,53,41,81,41
74,62,53,41,41
74,64,53,41,69,41
74,64,53,41
65,53,41,74,53
65,53,41,53
65,53,41,77,53
53,41,77,53
53,41
77,64,65,53,41,81,53
77,64,65,53,41,53
77,64,65,53,41,69,53
77,64,65,53,41
62,53,65,41,74,41
62,53,65,41,41
62,53,65,41,77,41
62,53,65,41
74,69,54,42,81,42
74,69,54,42,42
74,69,54,42,69,42
74,69,54,42
54,74,42,72,54
54,74,42,54
54,74,42,78,54
54,74,42
69,74,66,54,42,81,54
69,74,66,54,42,54
69,74,66,54,42,78,54
69,66,54,42
69,54,66,42,72,42
69,54,66,42,42
69,54,66,42,69,42
69,54,66,42
67,62,55,43,70,43
67,62,55,43,43
69,62,55,43,67,43
69,62,55,43
70,55,43,70,55
70,55,43,55
70,55,43,74,55
55,43,74,55
55,43
69,74,67,55,43,79,55
69,74,67,55,43,55
69,74,67,55,43,67,55
69,74,67,55,43
67,55,67,43,70,43
67,55,67,43,43
67,55,67,43,74,43
67,55,67,43
74,71,53,41,79,41
74,71,53,41,41
74,71,53,41,67,41
74,71,53,41
79,53,41,71,53
79,53,41,53
79,53,41,74,53
79,53,41
79,67,65,53,41,79,53
79,67,65,53,41,53
79,67,65,53,41,67,53
67,65,53,41
71,53,65,41,71,41
71,53,65,41,41
71,53,65,41,74,41
71,53,65,41
72,60,52,40,79,40
72,60,52,40,40
72,62,52,40,67,40
72,62,52,40
64,52,40,72,52
64,52,40,52
64,52,40,76,52
52,40,76,52
52,40
76,62,64,52,40,79,52
76,62,64,52,40,52
76,62,64,52,40,67,52
76,62,64,52,40
60,52,64,40,72,40
60,52,64,40,40
60,52,64,40,76,40
60,52,64,40
72,67,52,40,79,40
72,67,52,40,40
72,67,52,40,67,40
72,67,52,40
52,72,40,70,52
52,72,40,52
52,72,40,76,52
52,72,40
67,72,64,52,40,79,52
67,72,64,52,40,52
67,72,64,52,40,76,52
67,64,52,40
67,52,64,40,70,40
67,52,64,40,40
67,52,64,40,67,40
67,52,64,40
65,60,53,41,69,41
65,60,53,41,41
67,60,53,41,65,41
67,60,53,41
69,53,41,69,53
69,53,41,53
69,53,41,72,53
53,41,72,53
53,41
67,72,65,53,41,77,53
67,72,65,53,41,53
67,72,65,53,41,65,53
67,72,65,53,41
65,53,65,41,69,41
65,53,65,41,41
65,53,65,41,72,41
65,53,65,41
72,69,51,39,77,39
72,69,51,39,39
72,69,51,39,65,39
72,69,51,39
77,51,39,69,51
77,51,39,51
77,51,39,72,51
77,51,39
77,65,63,51,39,77,51
77,65,63,51,39,51
77,65,63,51,39,65,51
65,63,51,39
69,51,63,39,69,39
69,51,63,39,39
69,51,63,39,72,39
69,51,63,39
70,58,50,38,77,38
70,58,50,38,38
70,60,50,38,65,38
70,60,50,38
62,50,38,70,50
62,50,38,50
62,50,38,74,50
50,38,74,50
50,38
74,60,62,50,38,77,50
74,60,62,50,38,50
74,60,62,50,38,65,50
74,60,62,50,38
58,50,62,38,70,38
58,50,62,38,38
58,50,62,38,74,38
58,50,62,38
70,65,50,38,77,38
70,65,50,38,38
70,65,50,38,65,38
70,65,50,38
50,70,38,70,50
50,70,38,50
50,70,38,74,50
50,70,38
65,70,62,50,38,77,50
65,70,62,50,38,50
65,70,62,50,38,74,50
65,62,50,38
65,50,62,38,70,38
65,50,62,38,38
65,50,62,38,74,38
65,50,62,38
64,59,64,50,38,68,38
64,59,64,50,38
64,59,64,50,38,64,62
64,59,64,50,38
64,68,71,50,38,59
64,71,50,38
64,71,71,50,38,56
64,71,50,38
68,59,71,76,52
68,59,71
68,59,71,64,59
68,59,71
68,68,64,55
68,64
68,71,64,52
68,64
69,60,64,48,36,76,48
69,60,64,48,36,48
69,60,64,48,36,64,48
69,60,64,48,36
69,69,60,48,36,60
69,60,48,36,60
69,72,60,48,36,60
69,60,48,36
72,64,60,76
72,64,60
72,64,60,72
72,64,60
72,69,57
72,57
72,72,57
72,57
62,66,57,48,36,66
62,66,57,48,36
62,66,57,48,36,62,60
62,66,57,48,36
62,66,69,48,36,57
62,69,48,36
62,69,69,48,36,54
62,69,48,36
66,57,69,74,50
66,57,69
66,57,69,62,57
66,57,69
66,66,62,54
66,62
66,69,62,50
66,62
67,58,62,46,34,74,46
67,58,62,46,34,46
67,58,62,46,34,62,46
67,58,62,46,34
67,67,58,46,34,58
67,58,46,34,58
67,70,58,46,34,58
67,58,46,34
70,62,58,74
70,62,58
70,62,58,70
70,62,58
70,67,55
70,55
70,70,55
70,55
60,64,55,46,34,64
60,64,55,46,34
60,64,55,46,34,60,58
60,64,55,46,34
60,64,67,46,34,55
60,67,46,34
60,67,67,46,34,52
60,67,46,34
64,55,67,72,48
64,55,67
64,55,67,60,55
64,55,67
64,64,60,52
64,60
64,67,60,48
64,60
65,57,60,45,33,72,45
65,57,60,45,33,45
65,57,60,45,33,60,45
65,57,60,45,33
65,65,57,45,33,57
65,57,45,33,57
65,69,57,45,33,57
65,57,45,33
69,60,57,57,45,72
69,60,57,57,45
69,60,57,57,45,69,57
69,60,57,57,45
69,65,53,57,45,60
69,53,57,45
69,69,53,57,45,57
69,53,57,45
70,62,53,57,45,62,45
70,62,53,57,45
70,62,53,57,45,58,50
70,62,53,57,45
70,62,70,57,45,53
70,70,57,45
70,65,70,57,45,57
70,70,57,45
70,64,70,55,43,70,43
70,64,70,55,43
70,64,70,55,43,67,55
70,64,70,55,43
70,67,64,55,43,58
70,67,55,43
70,67,67,55,43,55
70,67,55,43
69,64,64,55,43,60,43
69,64,64,55,43
69,64,64,55,43,57,48
69,64,64,55,43
69,60,69,55,43,52
69,69,55,43
69,64,69,55,43,55
69,69,55,43
69,62,69,53,41,69,41
69,62,69,53,41
69,62,69,53,41,65,53
69,62,69,53,41
69,65,62,53,41,57
69,65,53,41
69,65,65,53,41,53
69,65,53,41
67,62,62,53,41,58,41
67,62,62,53,41
67,62,62,53,41,55,46
67,62,62,53,41
67,58,67,53,41,50
67,67,53,41
67,62,67,53,41,53
67,67,53,41
67,60,67,52,40,67,40
67,60,67,52,40
67,60,67,52,40,64,52
67,60,52,40
67,64,60,52,40,55
67,64,52,40
67,64,64,52,40,52
67,64,52,40
65,65,60,53,41,57,41
65,65,60,53,41
65,65,60,53,41,65,45
65,65,60,53,41
65,65,60,53,41,67,46
65,65,60,53,41
65,65,60,53,41,69,48
65,65,60,53,41
70,50
72,52
67,72,55,52,40,74,53
67,72,55,52,40
67,72,55,52,40,76,52
67,72,55,52,40
69,65,62,50,38,77,50
62,50,38
72,72,62,50,38,72,52
62,50,38
74,74,62,50,38,74,53
62,50,38
76,76,62,50,38,76,55
62,50,38
77,77,77,57
79,79,64,79,58
81,81,65,48,36,81,60
82,82,67,46,34,82,58
84,84,69,45,33,84,57
84,57
77,77,74,46,34,77,60
77,77,74,46,34,77
77,77,74,46,34,77,58
77,77,74,46,34,77
77,77,74,46,34,77,57
77,57
77
58,77
67,67,72,48,36,67,60
67,60
76,76,70,36,24,76,48
76,48
77,72,69,41,29,65,53,41
77,72,69,41,29,53,41
77,72,69,41,29,67,53,41
77,72,69,53,41
77,72,69,41,29,69,53,41
77,72,69
77,72,69,41,29,67
77,72,69
77,72,69,41,29,65
77,72,69
77,72,69,41,29,72,57
77,72,69,41,29,72
77,72,69,41,29,72,58
77,72,69
77,72,69,41,29,81,60
77,72,69,41,29,81
77,72,69,41,29,81,58
77,72,69,81
77,72,69,41,29,81,62
77,72,69,41,29,81
77,72,69,41,29,81,60
77,72,69
77,72,69,41,29,72,58
77,72,69,41,29,72
77,72,69,41,29,72,57
79,70,64,41,29,64,55
79,70,64,41,29
79,70,64,41,29,65,57
79,70,64
79,70,64,41,29,67,58
79,70,64,41,29,67
79,70,64,41,29,67,57
79,70,64
79,70,64,41,29,65,58
79,70,64,41,29,65
79,70,64,41,29,65,57
79,70,64
79,70,64,41,29,64,55
79,70,64,41,29,64
79,70,64,41,29,64,53
70
76,70,67,41,29,70,52
76,70,67,41,29,70
76,70,67,41,29,70,53
76,70,67
76,70,67,41,29,79,52
76,70,67,41,29,79
76,70,67,41,29,79,50
76,70,67,79
76,70,67,41,29,79,48
76,70,67,41,29,79
76,70,67,41,29,79,46
76,70,67
76,70,67,41,29,70,45
76,70,67,41,29,70
76,70,67,41,29,70,43
77,72,69,41,29,69,53,41,48
77,72,69,41,29,53,41,48
77,72,69,41,29,70,53,41,48
72,69,41,29,53,41,48
65,72,69,41,29,72,53,41,48
69,72
69
69,74
72,75
62,66
81,66,60,50,38,81,60,50
66,60,50,38,60,50
79,66,60,50,38,79,60,50
78,67,58,52,40,78,58,52
67,58,52,40,58,52
76,67,58,52,40,76,58,52
74,69,57,54,42,74,57,54
69,57,54,42,57,54
72,69,57,54,42,72,57,54
70,62,55,55,43,70,55,50,43
70,62,55,55,43,55,50,43
70,62,55,55,43,72,55,50,43
62,55,55,43,55,50,43
67,62,55,55,43,74,55,50,43
70,74
70
70,76
74,77
64,68
83,68,62,52,40,83,62,52
68,62,52,40,62,52
81,68,62,52,40,81,62,52
80,69,60,54,42,80,60,54
69,60,54,42,60,54
78,69,60,54,42,78,60,54
76,71,59,56,44,76,56,59
71,59,56,44,56,59
74,71,59,56,44,74,56,59
73,64,57,57,45,73,57,45,52
73,64,57,57,45,57,45,52
73,64,57,57,45,74,57,45,52
64,57,57,45,57,45,52
73,64,57,57,45,76,57,45,52
73,64,57,57,45,57,45,52
73,64,57,57,45,77,57,45,52
76,79
76
76,81
79,82
79
79,79
69,73
76,73,67,45,33,76,67,57
73,67,45,33,67,57
74,73,67,45,33,74,67,57
73,74,65,47,35,72,65,59
74,65,47,35,65,59
71,74,65,47,35,71,65,59
69,76,64,49,37,69,64,61
76,64,49,37,64,61
67,76,64,49,37,67,64,61
65,69,62,50,38,65,62
69,62,50,38,62
67,69,62,50,38,67,62
69
69,69,64,49,37,69,49
64,49,37,49
67,70,64,49,37,67,49
65,69,65,50,38,65,50
65,50,38,50
64,67,65,50,38,64,50
62,65,67,52,40,62,52
67,52,40,52
61,64,67,52,40,61,52
62,62,69,53,41,62,53
62,62,69,53,41,53
62,62,69,53,41,65,53
62,62
62,62,67,52,40,69,52
62,62,67,52,40,52
62,62,67,52,40,73,52
69,53,41,74,53
69,53,41,53
69,53,41,69,53
74,71,50,38,65,50
74,71,50,38,50
74,71,50,38,62,50
74
74,59,52,40,56,52
74,65,59,52,40,56,52
59,52,40,56,52
65,74,59,52,40,71,56,52
74,59,52,40,56,52
62,74,59,52,40,69,56,52
74
56,74,64,71
56,74,64
56,74,64,65
64
74,71,64,64
74,64
74,68,64,62
74
74,59,52,40,52,56
74,59,52,40,65,52,56
52,40,52,56
65,74,52,40,71,52,56
74,52,40,52,56
62,74,52,40,69,52,56
74
56,74,64,71
56,74,64
56,74,64,65
64
68,71,64,64
68,64
68,68,64,62
69,64,45,33,60,52,57,45
69,64,45,33,52,57,45
69,64,45,33,64,52,57,45
45,33,52,57,45
64,60,45,33,69,52,57,45
64,60,45,33,52,57,45
64,60,45,33,68,52,57,45
60,57,57,69
60,57,57
60,57,57,65
57
64,60,57,64
64,60,57
64,60,57,62
69,64,45,33,60,52,45,57
69,64,45,33,52,45,57
69,64,45,33,64,52,45,57
45,33,52,45,57
64,60,45,33,69,52,45,57
64,60,45,33,52,45,57
64,60,45,33,68,52,45,57
60,57,57,69
60,57,57
60,57,57,65
57
79,61,57,64
79,61,57
79,61,57,62
79
79,64,57,45,57,61
79,64,57,45,70,57,61
57,45,57,61
70,79,57,45,76,57,61
79,57,45,57,61
67,79,57,45,74,57,61
79
61,79,69,76
61,79,69
61,79,69,70
69
79,76,69,69
79,69
79,73,69,67
79
79,64,57,45,61,57
79,64,57,45,70,61,57
57,45,61,57
70,79,57,45,76,61,57
79,57,45,61,57
67,79,57,45,74,61,57
79
61,79,69,76
61,79,69
61,79,69,70
69
73,76,69,69
73,69
73,73,69,67
74,69,50,38,65,57,50,62
74,69,50,38,57,50,62
74,69,50,38,69,57,50,62
50,38,57,50,62
69,65,50,38,74,57,50,62
69,65,50,38,57,50,62
69,65,50,38,73,57,50,62
65,62,62,74
65,62,62
65,62,62,70
62
69,65,62,69
69,65,62
69,65,62,67
74,69,50,38,65,57,62,50
74,69,50,38,57,62,50
74,69,50,38,69,57,62,50
50,38,57,62,50
69,65,50,38,74,57,62,50
69,65,50,38,57,62,50
69,65,50,38,73,57,62,50
65,62,62,74
65,62,62
65,62,62,67
62
81,65,62,65
81,65,62
81,65,62,64
81
81,71,59,47,59,63
81,71,59,47,72,59,63
59,47,59,63
72,81,59,47,78,59,63
81,59,47,59,63
69,81,59,47,76,59,63
81
63,81,71,78
63,81,71
63,81,71,72
71
81,78,71,71
81,71
81,75,71,69
81
81,66,59,47,63,59
81,66,59,47,72,63,59
59,47,63,59
72,81,59,47,78,63,59
81,59,47,63,59
69,81,59,47,76,63,59
81
63,81,71,78
63,81,71
63,81,71,72
71
71,78,71,71
71,71
71,75,71,69
71
71,76,52,40,64,68
71,76,52,40,77,64,68
52,40,64,68
65,74,52,40,83,64,68
74,52,40,64,68
62,74,52,40,81,64,68
74
56,74,64,83
56,74,64
56,74,64,77
64
71,71,64,76
71,64
71,68,64,74
71
71,64,52,40,68,64
71,64,52,40,77,68,64
52,40,68,64
65,74,52,40,83,68,64
74,52,40,68,64
62,74,52,40,81,68,64
74
56,74,64,83
56,74,64
56,74,64,77
64
76,71,64,76
76,64
76,68,64,74
76,69,57,45,72,69,57
76,69,57,45,69,57
76,69,57,45,76,69,57
57,45,69,57
72,64,57,45,81,69,57
72,64,57,45,69,57
72,64,57,45,80,69,57
69,60,69,81
69,60,69
69,60,69,74
69
72,64,69,72
72,64,69
72,64,69,71
76,69,55,43,69,64,55
76,69,55,43,64,55
76,69,55,43,72,64,55
55,43,64,55
72,64,55,43,81,64,55
72,64,55,43,64,55
72,64,55,43,80,64,55
69,60,67,81
69,60,67
69,60,67,70
67
72,64,67,69
72,64,67
72,64,67,67
77,69,53,41,65,53
77,69,53,41,72,65,53
53,41,65,53
72,65,53,41,81,65,53
72,65,53,41,65,53
72,65,53,41,80,65,53
69,60,65,81
69,60,65
69,60,65,65
65
72,69,65,64
72,69,65
72,69,65,62
76,69,52,40,60,52
76,69,52,40,76,60,52
52,40,60,52
72,64,52,40,81,60,52
72,64,52,40,60,52
72,64,52,40,80,60,52
69,60,64,81
69,60,64
69,60,64,76
64
72,64,64,74
72,64,64
72,64,64,72
77,69,50,38,77,62,50
77,69,50,38,62,50
77,69,50,38,74,62,50
50,38,62,50
76,67,50,38,72,62,50
76,67,50,38,62,50
76,67,50,38,71,62,50
50,38,71,62,50
74,65,62,74
74,65,62
74,65,62,71
62
72,64,62,69
72,64,62
72,64,62,68
62,68
71,62,44,32,71,52,44
71,62,44,32,52,44
71,62,44,32,68,52,44
44,32,52,44
69,60,44,32,66,52,44
69,60,44,32,52,44
69,60,44,32,64,52,44
44,32,64,52,44
68,59,56,65
68,59,56
68,59,56,62
56
66,62,56,60
66,62,56
66,62,56,59
56,59
64,60,57,45,33,60,52,45
64,60,57,45,33,52,45
64,60,57,45,33,64,52,45
45,33,52,45
69,45,33,52,45
45,33,52,45
68,45,33,52,45
69
64
45,33,72,45
47,35,69,47
48,36,76,48
50,38,69,52
50,38,69
50,38,69,50
50,38,69,48
50,38,69
50,38,69,50
52,40,64,52
40,28,68,40
69,45,33,69,57,45,48,52
45,33,57,45,48,52
71,45,33,71,57,45,48,52
57,45,48,52
72,45,33,72,57,45,48,52
45,33,72,57,45,48,52
71,45,33,71
69,45,33,69
76,72,57,45,33,76,57
76,45,33,76
76,74,59,45,33,76,59
81,76,60,45,33,81,60
81,45,33,81
81,81
81,74,59,45,33,81,59
76,72,57,45,33,76,57
72
77,72,62,45,33,77,62
74,71,45,33,74,71
71,45,33
71,71,45,33,71,68
71
76,71,60,45,33,76,60
72,69,45,33,72,69
69,45,33
69,69,45,33,69,65
69
74,69,59,45,33,74,59
74,69,59,45,33,74
74,69,59,45,33,74,60
71,74,45,33,71,62
74,45,33
68,74,45,33,68,59
74
64,74,57,45,33,64,57
64,74,57,45,33,64
64,74,57,45,33,64,59
77,71,45,33,62,77
77,45,33,77
77,68,45,33,59,77
77,77
77,62,56,45,33,77,56
77,62,56,45,33,77
77,62,56,45,33,77,57
74,77,45,33,74,59
77,45,33
71,77,45,33,71,56
77
64,77,57,45,33,64,57
64,77,57,45,33,64
64,77,57,45,33,64,60
80,74,45,33,59,80
80,45,33,80
80,71,45,33,57,80
80,80
80,62,59,45,33,80,59
80,62,59,45,33,80
80,62,59,45,33,80,60
77,80,45,33,77,62
80,45,33
74,80,45,33,74,59
80
64,80,60,45,33,64,60
64,80,60,45,33,64
64,80,60,45,33,64,64
83,77,45,33,62,83
83,45,33,83
83,74,45,33,60,83
83,83
83,62,62,45,33,83,62
83,62,62,45,33,83
83,62,62,45,33,83,50
45,33
80,83,62,45,33,80,62
83,62,45,33
76,83,62,45,33,76,60
83
77,83,62,77,62
83,62,62
74,83,62,74,62
76,80,62,76
62
72,76,62,72
74,77,62,74
62
71,74,62,71,50
72,76,62,72,62
62
69,72,62,69,60
71,74,62,71,62
62,62
68,71,62,68,62
69,72,62,69
62
66,69,62,66
68,76,62,68,59,52,50
76,62,59,52,50
64,76,62,64,59,52,50
76,62,50
66,76,62,66,50
76,62
68,76,62,68,52
76
69,76,69,54
76
71,76,71,56
76
72,76,72,57
76
74,76,74,59
76
76,76,49,37,76,61
76
77,76,50,38,77,62
76
79,76,52,40,79,64
76
79,76,52,40,79,64
76
81,76,53,41,81,65
76
82,76,55,43,82,67
76
73,76,58,55,43,64,73,58,55
76,58,55,43
74,77,57,53,41,65,74,57,53
68,71,62,53,41,62,68,59,53
62,53,41
69,72,64,52,40,64,69,60,52
63,63,63,51,39,63,51
64,64,64,52,40,64,52
57,57,57,45,33,57
57,57,57,45,33
57,57,57,45,33,69
45,33
57,69,45,33
57,45,33
57,69,45,33
59,68
59
59,69
60,69
60
60,69
62,70
62
62,69
65,69
65
65,69
64,68
64
64,69
62,69
62
62,69
60,45,33,64,57
60,45,33
60,45,33,69
45,33
57,45,33,69
57,45,33
57,45,33,69
59,68
59
59,69
60,69
60
60,69
62,70
62
62,69
65,69
65
65,69
64,68
64
64,69
62,69
62
62,69
60,45,33,64,57
60,45,33
60,45,33,69
45,33
69,45,33,72,64
69,45,33
69,45,33,69
68,71,62
68
68,69
69,72,64
69
69,69
71,74,65
71
71,69
69,72,64
69
69,69
71,74,65
71
71,69
68,71,62
68
68,69
69,45,33,72,64
69,45,33
69,45,33,69
45,33
69,45,33,72,64
69,45,33
69,45,33,69
68,71,62
68
68,69
69,72,64
69
69,69
71,74,65
71
71,69
69,72,64
69
69,69
71,74,65
71
71,69
68,71,62
68
68,69
69,45,33,72,64
69,45,33
69,45,33,69
45,33
64,45,33,69,60
64,45,33
64,45,33,69
65,70,62
65
65,69
62,59,68
62
62,69
64,69,60
64
64,69
69,72,64
69
69,69
65,70,62
65
65,69
62,68,59
62
62,69
64,45,33,69,60
64,45,33
64,45,33,69
45,33
64,45,33,64,60
64,45,33
64,45,33,69
64
64,62,66
64
64,69
62,68,59
62
62,69
60,69,60
60
60,69
60,64,60
60
60,69
60
60,66,62
60
60,69
59,68,59
59
59,69
57,69,60
57
57,69
57
57,64,60
57
57,69
66,62
69
64,68
69
66,69
69
68,71
69
69,72
69
74,71
69
76,72
69
76,76,57,57,45,72,57
76,76,57,45
76,76,55,57,45,76,59
57,45
78,75,54,57,45,81,57
78,75,54,57,45,57
78,75,54,57,45,79,57
79,76,59,55,43,78,55
79,76,59,55,43,55
79,76,59,55,43,76,55
81,78,60,54,42,75,54
81,78,60,54,42,54
81,78,60,54,42,78,54
81,59,59,47
59,47
84,57,59,47
59,47
78,75,59,59,47,83,59
78,75,59,59,47,59
78,75,59,59,47,81,59
47,35,79,47
47,35,47
47,35,78,47
76,71,59,52,40,79,52
76,71,59,52,40,79
76,71,59,52,40,79,64
52,40
64,76,52,40
64,52,40
64,76,52,40
66,75
66
66,76
67,76
67
67,76
69,77
69
69,76
72,76
72
72,76
71,75
71
71,76
69,76
69
69,76
67,52,40,71,64
67,52,40
67,52,40,76
52,40
64,52,40,76
64,52,40
64,52,40,76
66,75
66
66,76
67,76
67
67,76
69,77
69
69,76
72,76
72
72,76
71,75
71
71,76
69,76
69
69,76
67,52,40,71,64
67,52,40
67,52,40,76
52,40
76,52,40,79,71
76,52,40
76,52,40,76
75,69,78
75
75,76
76,79,71
76
76,76
78,81,72
78
78,76
76,79,71
76
76,76
78,81,72
78
78,76
75,78,69
75
75,76
76,52,40,79,71
76,52,40
76,52,40,76
52,40
76,52,40,79,71
76,52,40
76,52,40,76
75,78,69
75
75,76
76,79,71
76
76,76
78,81,72
78
78,76
76,79,71
76
76,76
78,81,72
78
78,76
75,78,69
75
75,76
76,52,40,79,71
76,52,40
76,52,40,76
52,40
71,52,40,76,67
71,52,40
71,52,40,76
72,77,69
72
72,76
69,75,66
69
69,76
71,76,67
71
71,76
76,79,71
76
76,76
72,77,69
72
72,76
69,75,66
69
69,76
71,52,40,76,67
71,52,40
71,52,40,76
52,40
71,52,40,71,67
71,52,40
71,52,40,76
71
71,73,69
71
71,76
69,75,66
69
69,76
67,76,67
67
67,76
67,71,67
67
67,76
67
67,69,73
67
67,76
66,75,66
66
66,76
64,76,67
64
64,76
71,67
76
69,73
76
71,75
76
73,76
76
75,78
76
76,79
76
78,81
76
79,83
76
76,79,83
76
76,76
76
76,81,84
76
76,76
71,76,83,79
76
67,76,76
76
64,76,81,84
64,76
64,76,76
76,72,78,81
76
76,69,76
76
76,64,83,79
76,64
76,64,76
72,76,78,81
76
69,76,76
76
64,76,83,79
64,76
64,76,76
76,71,76,79
76
76,67,76
76
76,64,81,78
76,64
76,64,76
71,76,76,79
76
67,76,76
76
64,76,78,81
64,76
64,76,76
76,72,75,78
76
76,69,76
76
76,64,76,79
76,64
76,64,76
72,76,75,78
76
69,76,76
76
64,76,76,79
64,76
64,76,76
64,80,74
64
64,76
63,81,72
63
63,76
64,79,71
64
64,76
60,78,69
60
60,76
57,76,67
57
57,76
59,76,66
59
59,76
71,74,66
71
71,76
64,74,68
64
64,76
65,69,72
65
65,76
62,69,71
62
62,76
64,76,67
64
64,76
57,76,65
57
57,76
59,74,65
59
59,76
60,74,64
60
60,76
57,72,64
57
57,76
53,72,62
53
53,77
62,69,62
62
62,77
59,71,62
59
59,77
55,67,71
55
55,77
60,67,72
60
60,76
48,72,70
48
48,76
50,72,69
50
50,76
52,70,67
52
52,76
53,69,65
53
53,71
52,72
52
52,76
53,81
53
53,76
55,77
55
55,74
57,69,65
57
57,71
55,72
55
55,76
53,81
53
53,76
50,77
50
50,74
55,71,65
55
55,72
55,74
55
55,77
55,79
55
55,74
55,76
55
55,72
55,71,65
55
55,72
55,74
55
55,77
55,79
55
55,74
55,76
55
55,71
54,69,63
54
54,71
54,72
54
54,75
54,81
54
54,72
54,81
54
54,72
54,69,63
54
54,71
54,72
54
54,75
54,81
54
54,72
54,81
54
54,72
55,71,62
55
55,72
55,74
55
55,77
55,80
55
55,71
55,80
55
55,71
55,71,62
55
55,72
55,74
55
55,77
55,80
55
55,71
55,80
55
55,71
55,66,57
55
55,67
55
55,69
55
55,72
55
55,75
55
55,66
55
55,75
55
55,66
55
55,66,57
55
55,67
55
55,69
55
55,72
55
55,75
55
55,66
55
55,75
55
55,66
55
55,65,55
55
55,67
55
55,68
55
55,71
55
55,74
55
55,65
55
55,74
55
55,65
55
55,65,55
55
55,67
55
55,68
55
55,71
55
55,74
55
55,65
55
55,74
55
55,65
55
55,63,55
55
55,65
55
55,67
55
55,71
55
55,72
55
55,63
55
55,72
55
55,63
55
55,63,55
55
55,65
55
55,67
55
55,71
55
55,72
55
55,63
55
55,72
55
55,63
55
55,62,55
55
55,63
55
55,65
55
55,71
55
55,72
55
55,62
55
55,72
55
55,62
55
55,62,55
55
55,63
55
55,65
55
55,71
55
55,72
55
55,62
55
55,72
55
55,62
55
55,62,55
55
55,63
55
55,65
55
55,68
55
55,71
55
55,62
55
55,71
55
55,62
55
55,62,55
55
55,63
55
55,65
55
55,68
55
55,71
55
55,62
55
55,71
55
55,62
55
72,67,64,36,24,60,48
72,67,64,36,24,48
72,67,64,36,24,62,48
72,67,64,36,24
72,67,64,36,24,64
72,67,64,36,24
72,67,64,36,24,62
72,67,64,36,24
72,67,64,36,24,60
72,67,64,36,24
72,67,64,36,24,67,52
72,67,64,36,24,67
72,67,64,36,24,67,53
72,67,64,36,24
72,67,64,36,24,76,55
72,67,64,36,24,76
72,67,64,36,24,76,53
72,67,64,36,24,76
72,67,64,36,24,76,57
72,67,64,36,24,76
72,67,64,36,24,76,55
72,67,64,36,24
72,67,64,36,24,67,53
72,67,64,36,24,67
72,67,64,36,24,67,52
72,67,64,36,24
74,65,59,36,24,59,50
74,65,59,36,24
74,65,59,36,24,60,52
74,65,59,36,24
74,65,59,36,24,62,53
74,65,59,36,24,62
74,65,59,36,24,62,52
74,65,59,36,24,52
74,65,59,36,24
74,65,59,36,24,60,53
74,65,59,36,24,60
74,65,59,36,24,60,52
74,65,59,36,24
74,65,59,36,24,59,50
74,65,59,36,24,59
74,65,59,36,24,59,48
74,65,59,36,24
71,65,62,36,24,65,50
71,65,62,36,24,65
71,65,62,36,24,65,48
71,65,62,36,24
71,65,62,36,24,74,47
71,65,62,36,24,74
71,65,62,36,24,74,45
71,65,62,36,24,74
71,65,62,36,24,74,43
71,65,62,36,24,74
71,65,62,36,24,74,41
71,65,62,36,24
71,65,62,36,24,65,40
71,65,62,36,24,65
71,65,62,36,24,65,38
71,65,62,36,24
72,67,64,36,24,64,36
72,67,64,36,24,36
72,67,64,36,24,65,36
67,64,36,24,65,36
67,64,36,24
60,67,64,36,24,67
60,67
67
64,67
64
64,69
69
67,70
70
57,61
61
76,67,61,45,33,76,57,61
67,61,45,33,57,61
74,67,61,45,33,74,57,61
73,65,62,47,35,73,59,62
65,62,47,35,59,62
71,65,62,47,35,71,59,62
69,64,64,49,37,69,61,64
64,64,49,37,61,64
67,64,64,49,37,67,61,64
65,62,57,50,38,65,62
65,62,57,50,38,62
65,62,57,50,38,62,62
62,57,50,38,62,62
62,57,50,38,62
62,57,50,38
62,62,57,50,38,65
62,62,57,50,38
62
62,69
69
66,72
66
66,69
69
69,72
69
69,75
75
72,66
81,72,66,50,38,81,62,66
72,66,50,38,62,66
79,72,66,50,38,79,62,66
79,79
78,70,67,52,40,78,64,67
70,67,52,40,64,67
76,70,67,52,40,76,64,67
76,76
74,69,69,54,42,74,66,69
69,69,54,42,66,69
72,69,69,54,42,72,66,69
72,72
70,67,62,55,43,70,67,55
70,67,62,55,43,70,55
70,67,62,55,43,70,66,55
70,67,62,66
70,67,62
70,67,62,54,42,67
54,42
69,54,42
54,42
55,43,70
55,43
55,43,74
55,43
57,45,78
57,45
57,45,79
57,45
58,46,70,67,55
58,46,70,55
58,46,70,66,55
58,46,66
58,46
74,70,70,62,50,67
74,70,70,62,50
74,70,70,62,50,69
69
79,74,67,58,46,70
79,74,67,58,46
79,74,67,58,46,74
74
82,70,62,55,43,78
82,70,62,55,43
82,70,62,55,43,79
79
72,63,69,57,45,72,67,57
72,63,69,57,45,67,57
72,63,69,57,45,70,67,57
72,63,69,70,67,57
72,63,69
72,63,69,55,43,72
55,43,72
55,43
74,55,43
74
57,45,75
57,45
57,45,78
78
58,46,79
58,46
58,46,81
81
60,48,72,67,57
60,48,67,57
60,48,70,67,57
70,67,57
75,72,72,63,51,72
75,72,72,63,51
75,72,72,63,51,74
74
81,75,69,60,48,75
81,75,69,60,48
81,75,69,60,48,78
78
84,72,60,57,45,79
84,72,60,57,45
84,72,60,57,45,81
81
74,70,67,58,46,74,58,67
74,70,67,58,46,58,67
74,70,67,58,46,72,58,67
74,70,67,72,58,67
74,70,67
74,70,67,60,48,74
60,48,74
60,48
78,60,48
78
58,46,79
58,46
58,46,81
81
57,45,82
57,45
57,45,79
79
55,43,74,58,67
55,43,58,67
55,43,72,58,67
72,58,67
74,67,58,58,46,74
74,67,58,58,46
74,67,58,58,46,78
78
70,62,62,55,43,79
70,62,62,55,43
70,62,62,55,43,81
81
67,70,67,51,39,82
67,70,67,51,39
67,70,67,51,39,79
79
75,72,67,48,36,75,67,60
75,72,67,48,36,75
75,72,67,48,36,75,66
75,72,67,75,66
75,72,67
75,72,67,55,43,67
55,43,67
55,43
69,55,43
69
51,39,70
51,39
51,39,72
72
50,38,74
50,38
50,38,75
75
48,36,75,67,60
48,36,75
48,36,75,66
75,66
75,72,63,43,31,67
75,72,63,43,31
75,72,63,43,31,69
69
72,67,67,39,27,70
72,67,67,39,27
72,67,67,39,27,72
72
69,63,72,36,24,74
69,63,72,36,24
69,63,72,36,24,75
75
66,57,74,48,36,74,60,66
66,57,74,48,36,74
66,57,74,48,36,74,64
66,74,48,36
66,62,74,48,36,66
66,62,74,48,36
66,62,74,48,36,69
66,74
66
66,69
69,66
69
69,62
74,74,69,48,36,60,66
74,74,69,48,36
74,74,69,48,36,64
74,69,48,36
62,74,69,48,36,66
62,74,69,48,36
62,74,69,48,36,69
66,74
66
66,69
69,66
69
69,62
76,70,67,49,37,61,66
76,67,49,37
76,69,67,49,37,64
76,67,49,37
76,70,67,49,37,70,66
76,70,67,49,37
76,70,67,49,37,61
67,64
67
67,67
64,70
64
64,69,66
61,64,49,37,70,61,66
61,64,49,37
61,64,49,37,69,64
64,49,37
70,64,49,37,70,66
70,64,49,37
70,64,49,37,61
67,64
67
67,67
64,70
64
64,69
64
64,67
57,60,51,39,72,66,63
57,60,51,39
57,60,51,39,70
60,51,39
69,60,51,39,72
69,60,51,39
69,60,51,39,57
66,60
66
66,63
60,66
60
60,69
57,63,51,39,72,66,63
57,63,51,39
57,63,51,39,70
63,51,39
72,63,51,39,72
72,63,51,39
72,63,51,39,57
69,60
69
69,66
66,69
66
66,72
62,57,50,38,78,62,72
62,57,50,38
62,57,50,38,76
57,50,38
78,57,50,38,78
78,57,50,38
78,57,50,38,62
72,66
72
72,69
69,72
69
69,78
81,62,66,50,38,62,72
62,66,50,38
79,62,66,50,38
62,66,50,38
81,62,66,50,38,81
81,62,66,50,38
81,62,66,50,38,62
78,69
78
78,72
72,78
72
72,81
66,84
66
66,81
62,50,82,74
62,50
62,50,78,69
58,46,79,70
58,46
58,46,74,66
55,43,75,67
55,43
55,43,71,62
51,39,72,63
51,39
51,39,81,62
81,62
48,36,78,63
48,36
48,36,79,60
79,60
50,38,70,62
50,38,62
50,38,79,62
79,62
38,26,69,50
38,26,50
38,26,78,50
78,50
67,67,58,43,31,79,55
43,31,79,55
69,69,60,43,31,79,55
43,31,79,55
70,70,62,43,31,79,55
43,31,79,55
69,69,60
67,67,58
74,74,67,55,43,82,55
74,74
74,74,66,57,45,84,57
79,79,67,58,46,86,58
79,79
79,79,69,57,45,84,57
74,74,70,55,43,82,55
82
75,75,67,60,48,82,60
75,75,67,60,48,82
75,75,67,60,48,82,58
72,72,63,60,81
63,81
69,69,63,62,81
81
74,74,62,58,46,81,58
74,74,62,58,46,81
74,74,62,58,46,81,57
70,70,58,79
79
67,67,60,79
79
72,72,63,57,45,79,57
72,72,63,57,45,79
72,72,63,57,45,79,45
69,69,48,72
72
66,66,51,72
72
62,62,67,55,43,72,55
62,62,67,55,43,72
62,62,67,55,43,72,43
75,75,69,48
75,75
75,75,66,51
75,75
75,75,69,54,42,60,42
75,75,69,54,42,60
75,75,69,54,42,60,57
72,72,55,75
75
69,69,54,75
75
62,62,70,55,43,75,43
62,62,70,55,43,75
62,62,70,55,43,75,58
75
78,78,72,57,75
78,78,75
78,78,69,55,75
78,78
78,78,72,57,45,60,45
78,78,72,57,45,60
78,78,72,57,45,60,60
75,75,58,78
78
72,72,57,78
78
62,62,70,58,46,78,46
62,62,70,58,46,78
62,62,70,58,46,78,62
81,81,75,60
81,81
81,81,72,58
81,81
81,81,69,60,48,62,60
81,81,69,60,48,62
81,81,69,60,48,62,48
81,81,62,48
78,78,69,60,48,81,60
69,60,48,81
74,74,69,60,48,81,58
74,74,81,58
81
75,75,69,60,48,81,60
69,60,48,81,60
72,72,69,60,48,81,60
72,72,81,60
74,74,69,60,48,78
69,60,48
70,70,69,60,48,74
70,70,74
72,72,69,60,48,75
69,60,48
69,69,69,60,48,72,51
69,69,72,51
70,70,60,48,74,63
60,48
67,67,60,48,70,62
67,67,70,62
69,69,69,60,48,72,63
69,60,48,63
66,66,69,60,48,69,63
66,66,69,63
67,67,60,48,70
60,48
64,64,60,48,67
64,64,67
66,66,69,60,48,75
69,60,48,75
62,62,69,60,48,75,58
62,62,69,60,48,75,74,58
62,62,69,60,48,74,58
69,60,48,74
64,64,69,60,48,74,57
64,64,69,60,48,75,74,57
64,64,69,60,48,75,57
64,64,75,57
64,64,57
64,64,74,57
74
66,66,74,55
66,66,74,75,55
66,66,75,55
74
67,67,74,54
67,67,75,54
75
69,69,75,51
69,69,74,51
69,69,75,51
75
70,70,75,50
70,70,50
70,70,74,50
70,70,75,50
75
72,72,75,48
72,72,48
72,72,74,48
72,72,48
75
74,74,67,47,35,75,46
74,74,67,47,35,46
74,74,67,47,35,74,46
67,74
75,75,67,48,36,74,48
75,75,67,48,36,48
75,75,67,48,36,75,48
75,75,67,48,36,74,48
74
77,77,50,38,74,50
77,77,50,38,50
77,77,50,38,75,50
77,77,50,38,74,50
77,77,50,38,74
77,77,50,38,74,51
51
75,51
75,74
77,77,62,50,38,74,50
77,77,62,50,38,50
77,77,62,50,38,75,50
62,75
79,79,62,51,39,75,51
79,79,62,51,39,75,74,51
79,79,62,51,39,74,51
79,79,62,51,39,51
79,79,62,51,39,75,51
75
80,80,53,41,75,53
80,80,53,41,74,75,53
80,80,53,41,74,53
80,80,53,41,53
80,80,53,41,75,53
80,80,53,41,75
80,80,53,41,75,55
75,55
74,55
75
71,71,62,53,41,75,74,53
71,71,62,53,41,74,53
71,71,62,53,41,74
71,71,62,53,41,62,74
62,53,41,62,74
72,72,67,51,39,51
72,72,67,51,39
72,72,67,51,39,50
67,51,39,50
50
66,66,69,51,39,51
66,66,69,51,39
66,66,69,51,39,60
69,51,39,60
67,67,70,50,38,50
67,67,70,50,38
67,67,70,50,38,58
70,50,38,58
58
61,61,61,49,37,82,49,52,55
61,61,61,49,37,81,49,52,55
61,61,61,49,37,82,49,52,55
61,61,61,49,37,81,49,52,55
61,61,61,49,37,81,82,49,52,55
61,61,61,49,37,82,49,52,55
61,61,61,49,37,81,82,49,52,55
61,61,61,49,37,81,49,52,55
61,61,61,49,37,81,82,49,52,55
61,61,61,49,37,82,49,52,55
61,61,61,49,37,81,82,49,52,55
61,61,61,49,37,81,49,52,55
61,61,61,49,37,81,82,49,52,55
61,61,61,49,37,82,49,52,55
61,61,61,49,37,81,82,49,52,55
61,61,61,49,37,81,49,52,55
61,61,61,49,37,81,82,49,52,55
61,61,61,49,37,82,49,52,55
82
81,82
81
82
82,84
84
82
81
79
81
82
81
79
77
76
77
79
77
76
74
73
74
76
74
73
71
69
71
73
71
69
67
70
69
67
65
64
65
67
65
64
62
61
62
64
62
61
59
57
57,59
59
57,59
57
59
59,57
57
59,57
59
59,57
57
59,57
59
59,57
57
59,57
59
59,57
57
59
61
62
64
65
67
64
61
62
64
65
67
69
70
67
64
65
67
69
70
73
74
76
74
73
71
69
67
69
71
73
74
76
77
79
81
82
81
79
77
76
74
73
74
79,70,67,51,39,70,75,79,51
81,75,72,48,36,72,81,75,48
78,74,69,50,38,69,74,78,50
79,74,70,43,31,70,74,79,55
79,70,70,74,79
79,72,70,45,33,70,74,79,57
79,72,70,45,33,57
79,70
79,70,70,46,34,58
70,46,34,58
46,34,58
69,46,34,58
69
67,45,33,57
67,45,33,81,57
45,33,81,57
65,45,33,81,57
65,45,33,81,82,57
65,45,33,82,57
65,45,33,84,57
84
63,43,31,84,55
63,43,31,84,82,55
63,43,31,82,55
63,43,31,82,84,55
63,43,31,84,55
43,31,84,55
62,43,31,84,55
62,43,31,82,84,55
62,43,31,84,55
84
79,60,60,48,36,84,60
79,60,60,48,36,84,82,60
79,60,60,48,36,82,60
79,60,60,48,36,60
79,60,60,48,36,84,60
60,48,36,84
77,60,62,48,36,84,62
77,60,62,48,36,84,82,62
77,60,62,48,36,82,62
77,60,62,48,36,84,62
84
76,72,64,55,43,84,64
76,72,64,55,43,64
76,72,64,55,43,84,64
72,64,55,43,84,64
74,72,64,55,43,84,64
74,72,64,55,43,84,82,64
74,72,64,55,43,82,64
74,72,55,43,82
74,72,84,55,43,82
74,72,84,55,43
84,55,43
72,62,84,55,43,62
72,62,55,43,62
62,82,55,43,62
70,62,82,55,43,62
70,62,55,43,62
70,62,55,43,84,62
84
69,60,48,36,84,60
69,60,48,36,60
69,60,48,36,84,60
60,48,36,84,60
67,60,48,36,82,60
67,60,48,36,60
67,60,48,36,84,60
67,60,48,36,84,82,60
67,60,48,36,82,60
82
65,72,65,41,29,82,81,53
65,72,65,41,29,81,53
65,72,65,41,29,53
65,72,65,41,29,82,53
65,65
65,70,65,43,31,81,55
70,65,43,31,81,55
70,65,43,31,55
82,70,65,43,31,55
77,69,72,45,33,81,57
77,69,72,45,33,57
77,69,72,45,33,82,57
77,72,45,33,57
77,67,72,45,33,81,57
67,72,81
67,72
82,67,72
72
65,43,72,31,81,55
65,43,72,31,55
65,43,72,31,82,55
43,72,31,55
63,43,72,31,81,55
63,43,72,31,55
63,43,72,31,82,55
62,65,41,29,81,53
62,65,41,29,53
62,65,41,29,82,53
65,41,29,53
60,65,41,29,81,53
60,65,41,29,53
60,65,41,29,82,53
77,58,58,46,34,81,58
77,58,58,46,34,58
77,58,58,46,34,82,58
58,46,34
76,58,60,46,34,81,60
76,60,46,34,81,60
76,60,46,34,60
76,82,60,46,34,60
74,70,62,53,41,81,62
74,70,62,53,41,62
74,70,62,53,41,82,62
70,62,53,41,62
72,70,62,53,41,81,62
72,53,41,81
72,53,41
72,82,53,41
53,41
70,60,81,53,41,60
70,60,53,41,60
70,60,82,53,41,60
60,53,41,60
69,60,81,53,41,60
69,60,53,41,60
69,60,82,53,41,60
67,58,46,34,81,58
67,58,46,34,58
67,58,46,34,82,58
58,46,34,58
65,58,46,34,81,58
65,58,46,34,58
65,58,46,34,82,58
64,70,64,40,28,79,52
64,70,64,40,28,52
64,70,64,40,28,81,52
64,64
64,69,64,41,29,79,53
69,64,41,29,79,53
69,64,41,29,53
81,69,64,41,29,53
76,67,70,43,31,79,55
76,67,70,43,31,55
76,67,70,43,31,81,55
76,70,43,31,55
76,65,70,43,31,79,55
65,70,79
65,70
81,65,70
70
64,41,70,29,79,53
64,41,70,29,53
64,41,70,29,81,53
41,70,29,53
62,41,70,29,79,53
62,41,70,29,53
62,41,70,29,81,53
61,79,64,40,28,52
61,64,40,28,52
61,81,64,40,28,52
64,40,28,52
59,79,64,40,28,52
59,64,40,28,52
59,57,64,40,45,28,33,81,52
57,45,33
76,57,57,79,45,57,33
76,57,57,45,57,33
76,57,57,81,45,57,33
76,57,81,45,57,33
45,33
74,59,79,59,45,33
74,59,59
74,59,81,59
73,69,61,52,40,79,61
73,69,61,52,40,61
73,69,61,52,40,81,61
69,61,52,40,61
71,69,61,52,40,79,61
71,52,40,79
71,52,40
71,81,52,40
52,40
69,59,79,52,40,59
69,59,52,40,59
69,59,81,52,40,59
59,52,40,59
67,59,79,52,40,59
67,59,52,40,59
67,59,81,52,40,59
65,57,45,33,79,57
65,57,45,33,57
65,57,45,33,81,57
57,45,33,57
64,57,45,33,79,57
64,57,45,33,57
64,57,45,33,81,57
62,62,38,26,77,50
62,62,38,26,50
62,62
62,62,40,28,81,52
62,62,40,28,52
74,65,69,41,29,81,53
74,65,69,41,29,53
74,65,69,41,29,81,53
74,65,69,81
74,65,69
69
69,40,69,28,79,52
69,40,69,28,52
69,40,69,28,81,52
69,40,69,28,52
74,74,62,38,26,77,50
74,74,62,38,26,50
74,74,62,38,26,81,50
74,74,62,38,26,50
76,61,45,33,76,57
76,61,57
76,61,47,35,81,57
79,69,69,49,37,79,45
79,69,69,49,37,45
79,69,69,49,37,77,45
79,69,69,77,45
69
76,47,69,35,76
76,47,69,35
76,47,69,35,74
76,79,61,45,33,73
76,79,61,45,33
76,79,61,45,33,71
77,62,50,38,69,38
77,62,50,38,38
77,62
77,62,52,40,69,40
77,62,52,40,40
81,77,69,53,41,69,41
81,77,69,53,41,41
81,77,69,53,41,69,41
81,77,69,69
81,77,69
69
81,52,69,40,67,40
81,52,69,40,40
81,52,69,40,69,40
81,52,69,40,40
77,86,62,50,38,65,38
77,86,62,50,38,38
77,86,62,50,38,69,38
77,86,62,50,38,38
76,61,57,45,64,45
76,61,45
76,61,59,47,69,45
79,69,69,61,49,67,33
79,69,69,61,49,33
79,69,69,61,49,65,33
79,69,69,65,33
69
76,59,69,47,64
76,59,69,47
76,59,69,47,62
76,79,61,57,45,61
76,79,61,57,45
76,79,61,57,45,59
77,62,57,62,50
77,62,62,50
77,62,62,62,50,50
77,62,62,50,50
62,50
81,81,62,62,50,64,49
81,62,62,50
77,81,62,62,50,65,50
77,81,62,50,65,50
81
74,81,62,67,38
74,62,38
74,64,62,38
74,64,38
81,81,62,65
81,62
81,77,62,62
81,77,62
81
81,74,62,57
74,62
62,74,62,50
62,74,50
81,82,62,62,50,64,48
82,62,62,50
77,82,62,62,50,65,50
77,82,62,50,65,50
82
74,82,62,58,46,67,46
74,82,62,58,46
74,82,62,58,46,64,43
74,82,58,46,64,43
82,74,62,55,43,65,45
82,62,55,43
82,70,62,55,43,62,46
82,70,55,43,62,46
82
82,64,60,60,48,64,45
82,64,60,60,48
82,64,60,60,48,69,57
82,64,60,48,69,57
60,48
76,81,60,60,48,71,56
81,60,60,48
72,81,60,60,48,72,57
72,81,60,48,72,57
81
69,81,60,74,45
69,81,60,45
69,81,60,71,45
69,81,71,45
81,76,60,72
81,60
81,72,60,69
81,72,69
81
81,69,60,64
81,69,60
81,69,60,69,57
81,69,69,57
76,81,60,48,36,71,56
81,60,48,36
72,81,60,48,36,72,57
72,81,48,36,72,57
81
69,81,60,53,41,74,53
69,81,60,53,41
69,81,60,53,41,71,50
69,81,53,41,71,50
81,76,60,57,45,72,52
81,60,57,45
81,72,60,57,45,69,53
81,72,57,45,69,53
81
81,65,58,46,34,62,46
81,65,58,46,34
81,65,58,46,34,74,62
81,65,46,34,74,62
46,34
81,81,58,46,34,76,61
81,58,46,34
77,81,58,46,34,77,62
77,81,46,34,77,62
81
74,81,58,79,46
74,58,46
74,76,58,46
74,76,46
81,81,58,77
81,58
81,77,58,74
81,77,74
81
81,74,58,62
74,58
74,74,58,62
74,74,62
81,82,58,46,34,76,61
82,58,46,34
77,82,58,46,34,77,62
77,82,46,34,77,62
82
74,82,58,52,40,79,58
74,82,58,52,40
74,82,58,52,40,76,55
74,82,52,40,76,55
82,74,58,55,43,77,57
82,58,55,43
82,70,58,55,43,74,58
82,70,55,43,74,58
82
82,76,57,45,33,73,45
82,76,57,45,33
82,76,57,45,33,76,64
76,57,45,33,76,64
76,45,33,76,64
45,33
82,73,57,45,33,77,62
73,57,45,33
79,73,57,45,33,79,64
79,73,45,33,79,64
73
76,73,57,81,61
76,73,57,61
76,73,57,77,61
76,73,77,61
79,76,57,79
79,57
79,73,57,76
79,73,76
79
79,69,57,73
79,69,57
79,69,57,76,64
79,76,64
76,69,57,52,40,77,62
69,57,52,40
73,69,57,52,40,79,64
73,69,52,40,79,64
69
69,69,57,49,37,81,61
69,69,57,49,37
69,69,57,49,37,77,62
69,69,49,37,77,62
73,64,57,45,33,79,64
73,57,45,33
73,61,57,45,33,76,57
73,61,45,33,76,57
77,62,57,50,38,77,62
77,57,50,38,62
77,64,57,50,38,74,62
77,64,57,74,62
57
65,50,57,38,77,50
65,50,57,38,50
65,50,57,38,81,50
50,57,38,81
57,81
81,64,62,50,38,86,50
81,64,62,50,38,50
81,64,62,50,38,74,50
81,64,62,74,50
62
62,50,62,38,77,62
62,50,62,38,62
62,50,62,38,81,62
62,62,81,62
78,69,48,36,86,60
78,69,48,36,60
78,69,48,36,74,60
78,69,74,60
48,74,36,78,48
48,74,36,48
48,74,36,81,48
48,74,36,81
74,81
74
74,74,60,48,36,86,48
74,74,60,48,36,48
74,74,60,48,36,74,48
74,74,60,74,48
60
66,48,60,36,78,60
66,48,60,36,60
66,48,60,36,81,60
66,60,81,60
67,67,46,34,86,58
67,46,34,58
69,67,46,34,74,58
69,67,74,58
70,46,34,79,46
70,46,34,46
70,46,34,82,46
46,34,82
82
69,70,58,46,34,86,46
69,70,58,46,34,46
69,70,58,46,34,74,46
69,70,58,74,46
58
67,46,58,34,79,58
67,46,58,34,58
67,46,58,34,82,58
67,58,82,58
74,67,47,35,86,59
74,67,47,35,59
74,67,47,35,74,59
74,67,74,59
79,47,35,77,47
79,47,35,47
79,47,35,83,47
79,47,35,83
79,83
79
79,62,59,47,35,86,47
79,62,59,47,35,47
79,62,59,47,35,83,47
79,62,59,83,47
59
74,47,59,35,77,59
74,47,59,35,59
74,47,59,35,74,59
74,59,74,59
67,60,48,36,75,60
67,48,36,60
67,62,48,36,72,60
67,62,72,60
63,48,36,75,48
63,48,36,48
63,48,36,79,48
48,36,79
79
79,62,60,48,36,84,48
79,62,60,48,36,48
79,62,60,48,36,72,48
79,62,60,72,48
60
60,48,60,36,75,60
60,48,60,36,60
60,48,60,36,79,60
60,60,79,60
76,67,46,34,84,58
76,67,46,34,58
76,67,46,34,72,58
76,67,72,58
46,72,34,76,46
46,72,34,46
46,72,34,79,46
46,72,34,79
72,79
72
72,72,58,46,34,84,46
72,72,58,46,34,46
72,72,58,46,34,72,46
72,72,58,72,46
58
67,46,58,34,76,58
67,46,58,34,58
67,46,58,34,79,58
67,58,79,58
65,65,45,33,84,57
65,45,33,57
67,65,45,33,72,57
67,65,72,57
69,45,33,77,45
69,45,33,45
69,45,33,81,45
45,33,81
81
67,69,57,45,33,84,45
67,69,57,45,33,45
67,69,57,45,33,72,45
67,69,57,72,45
57
65,45,57,33,77,57
65,45,57,33,57
65,45,57,33,81,57
65,57,81,57
72,65,45,33,84,57
72,65,45,33,57
72,65,45,33,72,57
72,65,72,57
77,45,33,75,45
77,45,33,45
77,45,33,81,45
77,45,33,81
77,81
77
77,60,57,45,33,84,45
77,60,57,45,33,45
77,60,57,45,33,81,45
77,60,57,81,45
57
72,45,57,33,75,57
72,45,57,33,57
72,45,57,33,72,57
72,57,72,57
65,58,46,34,74,58
65,46,34,58
65,60,46,34,70,58
65,60,70,58
62,46,34,74,46
62,46,34,46
62,46,34,77,46
46,34,77
77
77,60,58,46,34,82,46
77,60,58,46,34,46
77,60,58,46,34,70,46
77,60,58,70,46
58
58,46,58,34,74,58
58,46,58,34,58
58,46,58,34,77,58
58,58,77,58
74,65,44,32,82,56
74,65,44,32,56
74,65,44,32,70,56
74,65,70,56
44,70,32,74,44
44,70,32,44
44,70,32,77,44
44,70,32,77
70,77
70
70,70,56,44,32,82,44
70,70,56,44,32,44
70,70,56,44,32,70,44
70,70,56,70,44
56
65,44,56,32,74,56
65,44,56,32,56
65,44,56,32,77,56
65,56,77,56
63,63,43,31,82,55
63,43,31,55
65,63,43,31,70,55
65,63,70,55
67,43,31,75,43
67,43,31,43
67,43,31,79,43
43,31,79
79
65,67,55,43,31,82,43
65,67,55,43,31,43
65,67,55,43,31,70,43
65,67,55,70,43
55
63,43,55,31,75,55
63,43,55,31,55
63,43,55,31,79,55
63,55,79,55
70,63,43,31,82,55
70,63,43,31,55
70,63,43,31,70,55
70,63,70,55
75,43,31,75,43
75,43,31,43
75,43,31,79,43
75,43,31,79
75,79
75
75,67,55,43,31,82,43
75,67,55,43,31,43
75,67,55,43,31,79,43
75,67,55,79,43
55
70,43,55,31,75,55
70,43,55,31,55
70,43,55,31,79,55
70,55,79,55
69,64,57,43,31,73,55
69,64,57,43,31
69,64,57,43,31,69,67
64,57,43,31,69,67
43,31
69,73,76,43,31,64
69,76,43,31
69,76,76,43,31,61
76,76,43,31,61
76
73,64,76,81,57
73,64,76
73,64,76,69,64
64,76,69,64
73,73,69,61
73,69
73,76,69,57
76,69,57
69
74,65,69,41,29,81,53
74,65,69,41,29,53
74,65,69,41,29,69,53
65,69,41,29,69,53
41,29
74,74,65,41,29,65
74,65,41,29,65
74,77,65,41,29,65
77,65,41,29,65
65
77,69,65,81
77,69,65
77,69,65,77
69,65,77
77,74,62
77,62
77,77,62
77,62
62
67,71,62,41,29,71
67,71,62,41,29
67,71,62,41,29,67,65
71,62,41,29,67,65
41,29
67,71,74,41,29,62
67,74,41,29
67,74,74,41,29,59
74,74,41,29,59
74
71,62,74,79,55
71,62,74
71,62,74,67,62
62,74,67,62
71,71,67,59
71,67
71,74,67,55
74,67,55
67
72,63,67,39,27,79,51
72,63,67,39,27,51
72,63,67,39,27,67,51
63,67,39,27,67,51
39,27
72,72,63,39,27,63
72,63,39,27,63
72,75,63,39,27,63
75,63,39,27,63
63
75,67,63,79
75,67,63
75,67,63,75
67,63,75
75,72,60
75,60
75,75,60
75,60
60
65,69,60,39,27,69
65,69,60,39,27
65,69,60,39,27,65,63
69,60,39,27,65,63
39,27
65,69,72,39,27,60
65,72,39,27
65,72,72,39,27,57
72,72,39,27,57
72
69,60,72,77,53
69,60,72
69,60,72,65,60
60,72,65,60
69,69,65,57
69,65
69,72,65,53
72,65,53
65
70,62,65,38,26,77,50
70,62,65,38,26,50
70,62,65,38,26,65,50
62,65,38,26,65,50
38,26
70,70,62,38,26,62
70,62,38,26,62
70,74,62,38,26,62
74,62,38,26,62
62
74,65,62,50,38,77
74,65,62,50,38
74,65,62,50,38,74,62
65,62,50,38,74,62
50,38
74,70,58,50,38,65
74,58,50,38
74,74,58,50,38,62
74,58,50,38,62
58,50,38
75,67,58,50,38,67,50
75,67,58,50,38
75,67,58,50,38,63,55
75,50,38
75,67,63,50,38,58
75,63,50,38
75,70,63,50,38,62
75,63
75,69,63,48,36,75,48
75,69,63,48,36
75,69,63,48,36,72,60
75,48,36
75,60,69,48,36,63
75,60,48,36
75,60,72,48,36,60
48,36
74,69,57,48,36,65,48
74,69,57,48,36
74,69,57,48,36,62,53
74,48,36
74,65,62,48,36,57
74,62,48,36
74,69,62,48,36,60
74,62
74,67,62,46,34,74,46
74,67,62,46,34
74,67,62,46,34,70,58
74,46,34
74,58,67,46,34,62
74,58,46,34
74,58,70,46,34,58
46,34
72,67,53,46,34,63,46
72,67,53,46,34
72,67,53,46,34,60,51
72,46,34
72,63,60,46,34,55
72,60,46,34
72,67,60,46,34,58
72,60
72,65,60,45,33,72,45
72,65,60,45,33
72,65,60,45,33,69,57
72,45,33
72,53,65,45,33,60
72,53,45,33
72,53,69,45,33,57
70,70,50,46,34,62,46
70,70,50,46,34
70,70,50,46,34,58,50
70,70,50,46,34
70,70,50,46,34,60,51
70,70,50,46,34
70,70,50,46,34,62,53
63,55
65,57
72,65,60,45,33,67,58
72,65,60,45,33
72,65,60,45,33,69,57
74,62,67,43,31,70,55
67,43,31
65,65,67,43,31,65,57
67,43,31
67,67,67,43,31,67,58
67,43,31
69,69,67,43,31,69,60
70,70,70,62
72,72,72,63
74,74,58,41,29,74,65
75,75,60,39,27,75,63
77,77,62,38,26,77,62
70,70,67,39,27,62,70,51,55
65,65,65,41,29,60,65,53,57
65,65,65,60,65,53,57
69,69,63,41,29,69,41
70,70,62,46,34,60,34
70,70,62,46,34,34
70,70,62,46,34,58,34
70,70
70,70,63,48,36,60,36
70,70,63,48,36,36
70,70,63,48,36,58,36
70,70
70,70,65,50,38,60,38
70,70,65,50,38,38
70,70,65,50,38,58,38
70,70,65,50,38,38
70,70,65,50,38,60,38
70,70,60
70,70
70,70,58
58
63,48,36,60,36
63,48,36,36
63,48,36,58,36
63,48,36,36
63,48,36,60,36
63,48,36,36
63,48,36,58,36
65,62,62,46,34,60,34
65,62,62,46,34,34
65,62,62,46,34,58,34
65,62,62,46,34,34
65,62,62,46,34,60,34
65,62,62,46,34,34
65,62,62,46,34,58,34
67,63,70,51,39,60,39
67,63,70,51,39,39
67,63,70,51,39,58,39
67,63,70,51,39,39
67,63,70,51,39,60,39
67,63,70,51,39,39
67,63,70,51,39,58,39
65,62,58,58,46,60,46
65,62,58,58,46,46
65,62,58,58,46,58,46
65,62,58,58,46,46
65,62,58,58,46,60,46
58,58,46,60,46
58,58,46,46
58,58,58,46,46
58,46,46
68,65,62,58,46,60,46
68,65,62,58,46,46
68,65,62,58,46,58,46
68,65,62,58,46,46
68,65,62,58,46,60,46
68,65,62,58,46,46
68,65,62,58,46,58,46
67,63,63,51,39,60,39
67,63,63,51,39,39
67,63,63,51,39,58,39
67,63,63,51,39,39
67,63,63,51,39,60,39
63,51,39,60,39
63,51,39,39
58,63,51,39,39
65,62,65,46,34,60,34
65,62,65,46,34,34
65,62,65,46,34,58,34
65,65
65,63,65,48,36,60,36
65,63,65,48,36,36
65,63,65,48,36,58,36
65,65
65,65,65,50,38,60,38
65,65,65,50,38,38
65,65,65,50,38,58,38
65,65,65,50,38,38
65,65,65,50,38,60,38
65,65,60
65,65
65,58,65
63,48,36,60,36
63,48,36,36
63,48,36,58,36
63,48,36,36
63,48,36,60,36
63,48,36,36
63,48,36,58,36
62,62,53,46,34,60,34
62,62,53,46,34,34
62,62,53,46,34,58,34
62,62,53,46,34,34
62,62,53,46,34,60,34
62,62,53,46,34,34
62,62,53,46,34,58,34
63,70,55,51,39,60,39
63,70,55,51,39,39
63,70,55,51,39,58,39
63,70,55,51,39,39
63,70,55,51,39,60,39
63,70,55,51,39,39
63,70,55,51,39,58,39
62,58,53,58,46,60,46
62,58,53,58,46,46
62,58,53,58,46,58,46
62,58,53,58,46,46
62,58,53,58,46,60,46
58,58,46,60,46
58,58,46,46
58,58,58,46,46
58,46,46
65,62,56,58,46,60,46
65,62,56,58,46,46
65,62,56,58,46,58,46
65,62,56,58,46,46
65,62,56,58,46,60,46
65,62,56,58,46,46
65,62,56,58,46,58,46
63,63,55,51,39,60,39
63,63,55,51,39,39
63,63,55,51,39,58,39
63,63,55,51,39,39
63,63,55,51,39,60,39
63,51,39,60,39
63,51,39,39
63,51,39,58,39
58
62,65,53,46,34,58,34
62,65,53,46,34,34
62,65,53,46,34,45,34
62,65,53,46,34
62,65,53,46,34,46
62,65,53,46,34
62,65,53,46,34,48
50
51
53
55
56
59
71,67,62,43,31,60,31,43
71,67,62,43,31,31,43
71,67,62,43,31,62,31,43
62,31,43
62
71,67,62,43,31,60,31,43
71,67,62,43,31,31,43
71,67,62,43,31,59,31,43
59,31,43
59
71,67,62,43,31,57,31,43
71,67,62,43,31,31,43
71,67,62,43,31,55,31,43
55,31,43
55
72,67,60,48,36,63,36,48
72,67,60,48,36,36,48
72,67,60,48,36,60,36,48
72,67,60,48,36,36,48
72,67,60,48,36,59,36,48
72,67,60,48,36,36,48
72,67,60,48,36,60,36,48
55
60
51
55
48
47
48
50
51
53
55
57
58
61
73,69,64,45,33,62,33,45
73,69,64,45,33,33,45
73,69,64,45,33,64,33,45
64,33,45
64
73,69,64,45,33,62,33,45
73,69,64,45,33,33,45
73,69,64,45,33,61,33,45
61,33,45
61
73,69,64,45,33,59,33,45
73,69,64,45,33,33,45
73,69,64,45,33,57,33,45
57,33,45
57
74,69,62,50,38,65,38,50
74,69,62,50,38,38,50
74,69,62,50,38,62,38,50
74,69,62,50,38,38,50
74,69,62,50,38,61,38,50
74,69,62,50,38,38,50
74,69,62,50,38,62,38,50
57
62
57
53
57
53
50
52
53
55
57
58
60
62
63
66
78,74,69,50,38,67,38,50
78,74,69,50,38,38,50
78,74,69,50,38,69,38,50
69,38,50
69
78,74,69,50,38,67,38,50
78,74,69,50,38,38,50
78,74,69,50,38,66,38,50
66,38,50
66
78,74,69,50,38,64,38,50
78,74,69,50,38,38,50
78,74,69,50,38,62,38,50
62,38,50
38,50
79,74,67,55,43,70,55,43
79,74,67,55,43
79,74,67,55,43,67,58
79,67,55,43
79,70,67,55,43,69,60
79,70,67,55,43
79,70,67,55,43,70,62
69,75,60
75
67,75,58
75
82,75,70,55,43,66,57
82,75,70,55,43
82,75,70,55,43,64,55
82,75,70,55,43,55
75
84,75,66,57,45,72,57
84,75,66,57,45
84,75,66,57,45,69,60
84,66,57,45
84,72,66,57,45,70,62
84,72,66,57,45
84,72,66,57,45,72,63
70,78,62
78
69,78,60
78
84,78,69,57,45,67,58
84,78,69,57,45
84,78,69,57,45,66,57
84,78,69,57,45,57
78
86,78,62,58,46,74,58
86,78,62,58,46
86,78,62,58,46,70,55
86,62,58,46
86,74,62,58,46,72,57
86,74,62,58,46
86,74,62,58,46,74,58
72,79,57
79
70,79,55
79
74,79,62,58,46,69,54
74,79,62,58,46
74,79,62,58,46,67,55
74,79,62,58,46,55
79
81,79,64,49,37,76,49
81,79,64,49,37
81,79,64,49,37,73,52
64,49,37
79,76,64,49,37,74,53
79,76,64,49,37
79,76,64,49,37,76,55
77,81,74,45
77,81,45
77,81,73,45
81
76,81,64,49,37,71,49
76,81,64,49,37,49
76,81,64,49,37,69,49
76,81,64,49,37,49
81
74,81,57,50,38,77,50
74,81,57,50,38,50
74,81,57,50,38,74,50
74,57,50,38,74,50
57,50,38
75,81,57,50,38,72,54
75,81,57,50,38,54
75,81,57,50,38,74,54
74,79,70,55
74,79,55
74,79,74,55
72,78,69,57
72,78,57
72,78,74,57
70,79,67,58
70,79,58
70,79,74,58
74,71,67,55,43,76,55
74,71,67,55,43,55
74,71,67,55,43,77,55
79,72,60,57,45,76,57
79,72,60,57,45,57
79,72,60,57,45,74,57
79
79,74,55,59,47,72,59
79,74,55,59,47,59
79,74,55,59,47,71,59
79
79,72,60,60,48,76,48
79,72,60,60,48,48
79,72,60,60,48,72,48
72,60,60,48,72,48
60,60,48
79,74,60,60,48,70,52
79,74,60,60,48,52
79,74,60,60,48,72,52
77,72,69,53
77,72,53
77,72,72,53
76,70,67,55
76,70,55
76,70,72,55
77,69,65,57
77,69,57
77,69,72,57
69,72,65,53,41,74,53
69,72,65,53,41,53
69,72,65,53,41,75,53
70,77,58,55,43,74,55
70,77,58,55,43,55
70,77,58,55,43,72,55
77
72,77,53,57,45,70,57
72,77,53,57,45,57
72,77,53,57,45,69,57
77
70,77,58,58,46,74,46
70,77,58,58,46,46
70,77,58,58,46,70,46
70,58,58,46,70,46
70
70,77,62,60,48,69,60
70,77,62,60,48,60
70,77,62,60,48,70,60
76,67,58,46,67,58
76,67,58,46,58
76,67,58,46,70,58
74,74,69,57,45,65,57
74,74,69,57,45,57
74,74,69,57,45,70,57
76,73,70,55,43,64,55
76,73,70,55,43,55
76,73,70,55,43,67,55
76
76,74,69,57,45,65,57
76,74,69,57,45,57
76,74,69,57,45,67,57
73,70,55,43,64,55
73,70,55,43,55
73,70,55,43,67,55
77,74,62,53,41,62,53
77,74,62,53,41,53
77,74,62,53,41,67,53
79,67,64,52,40,61,52
79,67,64,52,40,52
79,67,64,52,40,67,52
79
79,69,62,53,41,62,53
79,69,62,53,41,53
79,69,62,53,41,67,53
67,64,52,40,61,52
67,64,52,40,52
67,64,52,40,67,52
74,65,65,50,38,59,50
74,65,65,50,38,50
74,65,65,50,38,67,50
76,64,67,49,37,57,49
76,64,67,49,37,49
76,64,67,49,37,67,49
76,64
76,64,64,47,35,61,52
76,64,64,47,35,52
76,64,64,47,35,67,52
61,45,33,64,57
61,45,33,57
61,45,33,67,57
76,64,57,43,31,61,55
76,64,57,43,31,55
76,64,57,43,31,64,55
77,62,62,41,29,62,69,53
77,62,62,41,29
77,62,62,41,29,41
77,62,41,29,41
62,62,65
62
62,50
77,64,46,34,61,64,46
77,64,46,34
77,64,46,34,50
65,62,62,65,45
65,62
65,62,50
75,67,70,43,31,63,67,43
75,67,70,43,31
75,67,70,43,31,50
70,62,70,40
70
70,50
73,69,64,45,33,61,69,45
73,69,64,45,33
73,69,64,45,33,49
67,64,67,45
67
67,49
74,65,62,46,34,62,65,46
74,65,62,46,34
74,65,62,46,34,50
67,62,67,46
67
67,50
69,69,41,29,61,69,41
69,69,41,29
69,69,41,29,50
65,62,62,65,41
65,62
65,62,50
67,70,58,43,31,63,70,43
67,70,58,43,31
67,70,58,43,31,50
67,62,67,43
67
67,50
64,61,57,45,33,61,64,45
64,61,57,45,33
64,61,57,45,33,49
69,61,69,45
69
69,49
65,69,57,38,26,62,65,38
65,69,57,38,26
65,69,57,38,26,50
69,38,26
69,69,62,38,26,62,65
69,69,62,38,26
69,69,62,38,26,38,50
69,69,38,26,38,50
67,62,61,64
67,62
67,62,38,50
67,38,50
69,62,62,65
69,62
69,62,38,50
69,38,50
70,73,62,64,67
70,73,62
70,73,62,38,50
70,73,38,50
73
69,73,62,62,65
69,73,62
69,73,62,38,50
69,73,38,50
70,62,64,67
70,62
70,62,38,50
70,38,50
67,62,61,64
67,62
67,62,38,50
67,38,50
69,74,62,38,26,62,65
69,74,62,38,26
69,74,62,38,26,38,50
69,74,38,26,38,50
74,38,26
62,74,62,38,26,62,65
62,74,62,38,26
62,74,62,38,26,38,50
62,74,38,26,38,50
67,62,61,64
67,62
67,62,38,50
67,38,50
69,62,62,65
69,62
69,62,38,50
69,38,50
70,73,62,64,67
70,73,62
70,73,62,38,50
70,73,38,50
73
69,73,62,62,65
69,73,62
69,73,62,38,50
69,73,38,50
70,62,64,67
70,62
70,62,38,50
70,38,50
67,62,61,64
67,62
67,62,38,50
67,38,50
69,74,62,38,26,62,65
69,74,62,38,26
69,74,62,38,26,38,50
69,74,38,26,38,50
74,38,26
74,74,62,38,26,65,69
74,74,62,38,26
74,74,62,38,26,38,50
74,74,38,26,38,50
74
74,62,67,70
74,62
74,62,38,50
74,38,50
73,62,64,67
73,62
73,62,38,50
73,38,50
74,62,65,69
74,62
74,62,38,50
74,38,50
69,74,62,62,65
69,74,62
69,74,62,38,50
69,74,38,50
70,73,62,64,67
70,73,62
70,73,62,38,50
70,73,38,50
67,76,62,61,64
67,76,62
67,76,62,38,50
67,76,38,50
69,74,62,38,26,62,65
69,74,62,38,26
69,74,62,38,26,38,50
69,74,38,26,38,50
74,38,26
65,74,62,38,26,65,69
65,74,62,38,26
65,74,62,38,26,38,50
65,74,38,26,38,50
65,62,67,71
65,62
65,62,38,50
65,38,50
38,50
64,62,64,73
64,62
64,62,38,50
64,38,50
62,62,65,74
62,62
62,62,38,50
62,38,50
74,65,62,57,65
74,65,62
74,65,62,38,50
74,65,38,50
76,64,62,59,67
76,64,62
76,64,62,38,50
76,64,38,50
38,50
76,64,62,61,64
76,64,62
76,64,62,38,50
76,64,38,50
69,62,62,38,26,62,65
69,62,62,38,26
69,62,62,38,26,38,50
69,62,62,38,26
69,62,62,38,26,62,65
69,62,62,38,26
69,62,62,38,26,38,50
64,67
38,50
65,69
38,50
67,71
38,50
69,73
38,50
71,74
38,50
73,76
38,50
69,65,62,38,26,74,77
69,65,62,38,26
69,65,62,38,26,38,50
69,65,62,38,26
69,65,62,38,26,74,77
69,65,62,38,26
69,65,62,38,26,38,50
81,72
38,50
81,72
38,50
71,81
38,50
71,81
38,50
70,79
38,50
70,79
38,50
69,79
38,50
69,79
38,50
69,77
38,50
69,77
38,50
68,77
38,50
68,77
38,50
67,76
38,50
67,76
38,50
66,76
38,50
66,76
38,50
65,74
38,50
65,74
38,50
64,74
38,50
64,74
38,50
63,72
38,50
63,72
38,50
62,72
38,50
62,72
38,50
67,70
38,50
67,70
38,50
67,69
38,50
67,69
38,50
65,74
38,50
65,74
38,50
64,74
38,50
64,74
38,50
69,72
38,50
69,72
38,50
69,70
38,50
69,70
38,50
67,70
38,50
67,70
38,50
67,69
38,50
67,69
38,50
65,69
38,50
65,69
38,50
65,67
38,50
65,67
38,50
64,67
38,50
64,67
38,50
64,65
38,50
64,65
38,50
62,65
38,50
62,65
38,50
62,64
38,50
62,64
38,50
61,64
38,50
61,64
38,50
60,66
38,50
60,66
38,50
59,67
38,50
59,67
38,50
58,64
38,50
58,64
38,50
57,65
38,50
57,65
38,50
56,62
38,50
56,62
38,50
55,63
38,50
55,63
38,50
55,61
38,50
55,61
38,50
53,62
38,50
53,62
38,50
50,44
52
44,32,53
44,32
44,32,59
59
44,32,62
44,32
44,32,57
57
74,65,59,59
74,65,59
74,65,59,56
56
74,65,59,50,44
74,65,59
74,65,59,52
52
44,32,53
44,32
44,32,59
59
44,32,62
44,32
44,32,59
59
74,64,59,56
74,64,59
74,64,59,52
52
74,57,65,53,45
74,57,65
74,57,65,55
55
45,33,57
45,33
45,33,61
61
45,33,62
45,33
45,33,57
57
74,65,62,58
74,65,62
74,65,62,55
55
74,65,62,53,45
74,65,62
74,65,62,55
55
45,33,57
45,33
45,33,61
61
45,33,62
45,33
45,33,57
57
74,65,62,53
74,65,62
74,65,62,50
50
74,67,64,52,46
74,67,64
74,67,64,53
53
46,34,55
46,34
46,34,61
61
46,34,62
46,34
46,34,57
57
74,64,55,58
74,64,55
74,64,55,55
55
74,64,55,52,46
74,64,55
74,64,55,53
53
46,34,55
46,34
46,34,61
61
46,34,62
46,34
46,34,58
58
74,67,52,55
74,67,52
74,67,52,52
52
74,69,53,53,45
74,69,53
74,69,53,52
52
45,33,53
45,33
45,33,57
57
45,33,62
45,33
45,33,57
57
74,67,64,58
74,67,64
74,67,64,55
55
74,69,65,53,45
74,69,65
74,69,65,52
52
45,33,53
45,33
45,33,57
57
45,33,62
45,33
45,33,57
57
74,69,65,65
74,69,65
74,69,65,62
62
74,71,65,44,32,56
74,71,65,44,32
74,71,65,44,32,62
74,71,65,44,32
74,71,65,44,32,64
74,71,65,44,32
74,71,65,44,32,65
74,71,65,44,32
74,71,65,44,32,71
74,71,65,44,32
74,71,65,44,32,65
74,71,65,44,32
74,71,65,44,32,64
74,71,65,44,32
74,71,65,44,32,62
74,71,65,44,32
74,71,65,44,32,56
74,71,65,44,32
74,71,65,44,32,62
74,71,65,44,32
74,71,65,44,32,64
74,71,65,44,32
74,71,65,44,32,65
74,71,65,44,32
74,71,65,44,32,71
74,71,65,44,32
74,71,65,44,32,65
74,71,65,44,32
74,71,65,44,32,64
74,71,65,44,32
74,71,65,44,32,62
74,71,44,32
74,71,64,44,32,56
74,71,64,44,32
74,71,64,44,32,62
74,71,64,44,32
74,71,64,44,32,59
74,71,64,44,32
74,71,64,44,32,64
74,71,64,44,32
74,71,64,44,32,71
74,71,64,44,32
74,71,64,44,32,64
74,71,64,44,32
74,71,64,44,32,59
74,71,64,44,32
74,71,64,44,32,62
74,71,64,44,32
74,71,64,44,32,56
74,71,64,44,32
74,71,64,44,32,62
74,71,64,44,32
74,71,64,44,32,59
74,71,64,44,32
74,71,64,44,32,64
74,71,64,44,32
74,71,64,44,32,71
74,71,64,44,32
74,71,64,44,32,64
74,71,64,44,32
74,71,64,44,32,59
74,71,64,44,32
74,71,64,44,32,62
64
73,70,64,45,33,55
73,70,64,45,33
73,70,64,45,33,61
73,70,64,45,33
73,70,64,45,33,62
73,70,64,45,33
73,70,64,45,33,64
73,70,64,45,33
73,70,64,45,33,70
73,70,64,45,33
73,70,64,45,33,64
73,70,64,45,33
73,70,64,45,33,62
73,70,64,45,33
73,70,64,45,33,61
73,70,64,45,33
73,70,64,45,33,55
73,70,64,45,33
73,70,64,45,33,61
73,70,64,45,33
73,70,64,45,33,62
73,70,64,45,33
73,70,64,45,33,64
73,70,64,45,33
73,70,64,45,33,70
73,70,64,45,33
73,70,64,45,33,64
73,70,64,45,33
73,70,64,45,33,62
73,70,64,45,33
73,70,64,45,33,61
73,64,45,33
73,69,64,45,33,55
73,69,64,45,33
73,69,64,45,33,61
73,69,64,45,33
73,69,64,45,33,57
73,69,64,45,33
73,69,64,45,33,64
73,69,64,45,33
73,69,64,45,33,69
73,69,64,45,33
73,69,64,45,33,64
73,69,64,45,33
73,69,64,45,33,57
73,69,64,45,33
73,69,64,45,33,61
73,69,64,45,33
73,69,64,45,33,55
73,69,64,45,33
73,69,64,45,33,61
73,69,64,45,33
73,69,64,45,33,57
73,69,64,45,33
73,69,64,45,33,64
73,69,64,45,33
73,69,64,45,33,69
73,69,64,45,33
73,69,64,45,33,64
73,69,64,45,33
73,69,64,45,33,57
73,69,64,45,33
73,69,64,45,33,61
45,33
74,69,62,45,33,54
74,69,62,45,33
74,69,62,45,33,60
74,69,62,45,33
74,69,62,45,33,57
74,69,62,45,33
74,69,62,45,33,62
74,69,62,45,33
74,69,62,45,33,69
74,69,62,45,33
74,69,62,45,33,62
74,69,62,45,33
74,69,62,45,33,57
74,69,62,45,33
74,69,62,45,33,60
74,69,62,45,33
74,69,62,45,33,54
74,69,62,45,33
74,69,62,45,33,60
74,69,62,45,33
74,69,62,45,33,57
74,69,62,45,33
74,69,62,45,33,62
74,69,62,45,33
74,69,62,45,33,69
74,69,62,45,33
74,69,62,45,33,62
74,69,62,45,33
74,69,62,45,33,57
74,69,62,45,33
74,69,62,45,33,60
74,62,45,33
74,71,62,45,33,53
74,71,62,45,33
74,71,62,45,33,62
74,71,62,45,33
74,71,62,45,33,61
74,71,62,45,33
74,71,62,45,33,69
74,71,62,45,33
74,71,62,45,33,71
74,71,62,45,33
74,71,62,45,33,69
74,71,62,45,33
74,71,62,45,33,61
74,71,62,45,33
74,71,62,45,33,62
74,71,62,45,33
74,71,62,45,33,53
74,71,62,45,33
74,71,62,45,33,62
74,71,62,45,33
74,71,62,45,33,61
74,71,62,45,33
74,71,62,45,33,69
74,71,62,45,33
74,71,62,45,33,71
74,71,62,45,33
74,71,62,45,33,69
74,71,62,45,33
74,71,62,45,33,61
74,71,62,45,33
74,71,62,45,33,62
45,33
76,73,67,45,33,58
76,73,67,45,33
76,73,67,45,33,64
76,73,67,45,33
76,73,67,45,33,65
76,73,67,45,33
76,73,67,45,33,67
76,73,67,45,33
76,73,67,45,33,73
76,73,67,45,33
76,73,67,45,33,67
76,73,67,45,33
76,73,67,45,33,65
76,73,67,45,33
76,73,67,45,33,64
76,73,67,45,33
76,73,67,45,33,58
76,73,67,45,33
76,73,67,45,33,64
76,73,67,45,33
76,73,67,45,33,65
76,73,67,45,33
76,73,67,45,33,67
76,73,67,45,33
76,73,67,45,33,73
76,73,67,45,33
76,73,67,45,33,67
76,73,67,45,33
76,73,67,45,33,65
76,73,67,45,33
76,73,67,45,33,64
45,33
77,74,65,45,33,57
77,74,65,45,33
77,74,65,45,33,65
77,74,65,45,33
77,74,65,45,33,69
77,74,65,45,33
77,74,65,45,33,73
77,74,65,45,33
77,74,65,45,33,74
77,74,65,45,33
77,74,65,45,33,73
77,74,65,45,33
77,74,65,45,33,69
77,74,65,45,33
77,74,65,45,33,65
77,74,65,45,33
77,74,65,45,33,57
77,74,65,45,33
77,74,65,45,33,65
77,74,65,45,33
77,74,65,45,33,69
77,74,65,45,33
77,74,65,45,33,73
77,74,65,45,33
77,74,65,45,33,74
77,74,65,45,33
77,74,65,45,33,73
77,74,65,45,33
77,74,65,45,33,69
77,74,65,45,33
77,74,65,45,33,65
77,74,45,33
77,74,59,45,33,56
77,74,59,45,33
77,74,59,45,33,65
77,74,59,45,33
77,74,59,45,33,71
77,74,59,45,33
77,74,59,45,33,73
77,74,59,45,33
77,74,59,45,33,74
77,74,59,45,33
77,74,59,45,33,73
77,74,59,45,33
77,74,59,45,33,71
77,74,59,45,33
77,74,59,45,33,65
77,74,59,45,33
77,74,59,45,33,56
77,74,59,45,33
77,74,59,45,33,65
77,74,59,45,33
77,74,59,45,33,71
77,74,59,45,33
77,74,59,45,33,73
77,74,59,45,33
77,74,59,45,33,74
77,74,59,45,33
77,74,59,45,33,73
77,74,59,45,33
77,74,59,45,33,71
77,74,59,45,33
77,74,59,45,33,65
74,45,33
76,74,71,45,33,56
76,74,71,45,33
76,74,71,45,33,64
76,74,71,45,33
76,74,71,45,33,71
76,74,71,45,33
76,74,71,45,33,73
76,74,71,45,33
76,74,71,45,33,74
76,74,71,45,33
76,74,71,45,33,73
76,74,71,45,33
76,74,71,45,33,71
76,74,71,45,33
76,74,71,45,33,64
76,74,71,45,33
76,74,71,45,33,56
76,74,71,45,33
76,74,71,45,33,64
76,74,71,45,33
76,74,71,45,33,71
76,74,71,45,33
76,74,71,45,33,73
76,74,71,45,33
76,74,71,45,33,74
76,74,71,45,33
76,74,71,45,33,73
76,74,71,45,33
76,74,71,45,33,71
76,74,71,45,33
76,74,71,45,33,64
76,74,45,33
76,74,64,45,33,57
76,74,64,45,33
76,74,64,45,33,67
76,74,64,45,33
76,74,64,45,33,64
76,74,64,45,33
76,74,64,45,33,70
76,74,64,45,33
76,74,64,45,33,74
76,74,64,45,33
76,74,64,45,33,70
76,74,64,45,33
76,74,64,45,33,64
76,74,64,45,33
76,74,64,45,33,67
76,74,64,45,33
76,74,64,45,33,57
76,74,64,45,33
76,74,64,45,33,67
76,74,64,45,33
76,74,64,45,33,64
76,74,64,45,33
76,74,64,45,33,70
76,74,64,45,33
76,74,64,45,33,74
76,74,64,45,33
76,74,64,45,33,70
76,74,64,45,33
76,74,64,45,33,64
76,74,64,45,33
76,74,64,45,33,67
76,45,33
76,73,67,45,33,57
76,73,67,45,33
76,73,67,45,33,67
76,73,67,45,33
76,73,67,45,33,64
76,73,67,45,33
76,73,67,45,33,69
76,73,67,45,33
76,73,67,45,33,73
76,73,67,45,33
76,73,67,45,33,69
76,73,67,45,33
76,73,67,45,33,64
76,73,67,45,33
76,73,67,45,33,67
76,73,67,45,33
76,73,67,45,33,57
76,73,67,45,33
76,73,67,45,33,67
76,73,67,45,33
76,73,67,45,33,64
76,73,67,45,33
76,73,67,45,33,69
76,73,67,45,33
76,73,67,45,33,73
76,73,67,45,33
76,73,67,45,33,69
76,73,67,45,33
76,73,67,45,33,64
76,73,67,45,33
76,73,67,45,33,57
62,62,62,50,38,62,50
64,64,64,52,40,64,52
65,65,65,53,41,65,53
64,64,64,52,40,64,52
62,62,62,50,38,62,50
69,69,69,57,45,69,57
74,74,74,62,50,74,62
69,69,69,57,45,69,57
70,70,70,58,46,70,58
67,67,67,55,43,67,55
64,64,64,52,40,64,52
69,69,69,57,45,69,57
65,65,65,53,41,65,53
62,62,62,50,38,62,50
67,67,67,55,43,67,55
64,64,64,52,40,64,52
61,61,61,49,37,61,49
57,57,57,45,33,57,45
57,57,57,45,33,57
57,57,57,45,33,57,53
53
76,70,67,49,37,70,52
76,70,67,49,37,70
76,70,67,49,37,70,50
76,70,49,37,70,50
76,70
76,70,67,52,40,49
76,70,67,52,40
76,70,67,52,40,58
76,70,52,40,58
70,79,67,55,43,64
79,67,55,43
67,79,67,55,43,62
67,79,55,43,62
79
61,79,67,58,46,64
61,79,67,58,46
61,79,67,58,46,58
61,79,58,46,58
76,76,67,55,43,57
76,67,55,43
76,73,67,55,43,55
76,73,55,43,55
76
76,64,67,52,40,49
76,64,67,52,40
76,64,67,52,40,58
76,64,52,40,58
70,79,67,49,37,64
79,67,49,37
67,79,67,49,37,62
67,79,49,37,62
79
61,79,69,45,33,64
61,79,69,45,33
61,79,69,45,33,58
61,79,45,33,58
73,76,69,57,45,57
73,69,57,45
73,73,69,57,45,55
73,73,57,45,55
74,69,69,50,38,53,50
74,69,69,50,38
74,69,69,50,38,57
69,50,38
69,65,69,50,38,62
69,65,69,50,38
69,65,69,50,38,61
65,62,62,62
65,62,62
65,62,62,58
62
69,65,62,57
69,65,62
69,65,62,55
74,69,50,38,53,50
74,69,50,38
74,69,50,38,57
50,38
69,65,50,38,62
69,65,50,38
69,65,50,38,61
62,62,62,62
62,62,62
62,62,62,58
62
84,66,62,57
84,66,62
84,66,62,55
84
84,75,60,45,33,54
84,75,60,45,33
84,75,60,45,33,63
84,75,45,33,63
75,84,60,48,36,69
84,60,48,36
72,84,60,48,36,67
72,84,48,36,67
84
66,84,60,51,39,69
66,84,60,51,39
66,84,60,51,39,63
66,84,51,39,63
84,81,60,48,36,62
84,60,48,36
84,78,60,48,36,60
84,78,48,36,60
84
84,69,60,45,33,54
84,69,60,45,33
84,69,60,45,33,63
84,69,45,33,63
75,84,60,42,30,69
84,60,42,30
72,84,60,42,30,67
72,84,42,30,67
84
66,84,62,38,26,69
66,84,62,38,26
66,84,62,38,26,63
66,84,38,26,63
78,81,62,50,38,62
78,62,50,38
78,78,62,50,38,60
78,78,50,38,60
79,74,62,43,31,55
79,74,62,43,31
79,74,62,43,31,62
62,43,31
74,70,62,43,31,67
74,70,62,43,31
74,70,62,43,31,66
70,67,55,67
70,67,55
70,67,55,63
55
74,70,55,62
74,70,55
74,70,55,60
79,74,43,31,55
79,74,43,31
79,74,43,31,62
43,31
74,70,43,31,67
74,70,43,31
74,70,43,31,66
70,67,55,67
70,67,55
70,67,55,60
55
74,70,55,58
74,70,55
74,70,55,57
74
74,77,62,47,35,56
74,77,62,47,35
74,77,62,47,35,65
74,77,47,35,65
65,74,62,50,38,71
74,62,50,38
62,74,62,50,38,69
62,74,50,38,69
74
56,74,62,53,41,71
56,74,62,53,41
56,74,62,53,41,65
56,74,53,41,65
74,71,62,50,38,64
74,62,50,38
74,68,62,50,38,62
74,68,50,38,62
74
74,56,62,47,35,56
74,56,62,47,35
74,56,62,47,35,65
74,56,47,35,65
65,74,62,44,32,71
74,62,44,32
62,74,62,44,32,69
62,74,44,32,69
74
56,74,64,40,28,71
56,74,64,40,28
56,74,64,40,28,65
56,74,40,28,65
76,71,64,52,40,64
76,64,52,40
76,68,64,52,40,62
76,68,52,40,62
76
76,69,64,45,33,61,57
76,69,64,45,33
76,69,64,45,33,70
76,69,45,33,70
70,67,64,55,43,76
67,64,55,43
67,67,64,55,43,74
67,67,55,43,74
67
61,67,67,58,46,76
61,67,67,58,46
61,67,67,58,46,70
61,67,58,46,70
76,64,67,55,43,69
76,67,55,43
76,61,67,55,43,67
76,61,55,43,67
76
76,57,67,52,40,61,57
76,57,67,52,40
76,57,67,52,40,70
76,57,52,40,70
70,67,67,49,37,76
67,67,49,37
67,67,67,49,37,74
67,67,49,37,74
67
61,67,69,45,33,76
61,67,69,45,33
61,67,69,45,33,70
61,67,45,33,70
81,64,69,57,45,69
81,69,57,45
81,61,69,57,45,67
61,69,57,45,67
61,57,45,67
81,74,69,50,38,65,62
81,74,69,50,38
81,74,69,50,38,69
69,50,38,69
69,50,38
77,69,69,50,38,74
77,69,69,50,38
77,69,73
73
74,65,62,74
74,65,62
74,65,62,67
62,67
62
77,69,62,65
77,69,62
77,69,64
64
81,74,48,36,53,62
81,74,48,36
81,74,48,36,69
48,36,69
48,36
77,69,48,36,74
77,69,48,36
77,69,73
73
74,65,60,74
74,65,60
74,65,60,64
60,64
60
77,69,60,62
77,69,60
60
82,74,46,34,46,58
82,74,46,34
82,74,46,34,65
46,34,65
46,34
77,70,46,34,74
77,70,46,34
77,70,73
73
74,65,58,74
74,65,58
74,65,58,58
58,58
58
77,70,58,57
77,70,58
77,70,55
55
81,74,45,33,41,53
81,74,45,33
81,74,45,33,69
45,33,69
45,33
77,69,45,33,74
77,69,45,33
77,69,73
73
74,65,57,74
74,65,57
74,65,57,69
57,69
57
77,69,57,67
77,69,57
77,69,65
65
76,58,43,31,70,55,43
76,58,43,31,55,43
76,58,43,31,67,55,43
43,31
74,62,43,31,65
74,62,43,31
74,62,43,31,64
43,31,64
73,64,55,67
73,64,55
73,64,55,64
55
74,65,55,62
74,65,55
74,65,55,61
55,61
70,64,37,25,64,49,55
70,64,37,25,49,55
70,64,37,25,61,49,55
37,25
76,67,37,25,59
76,67,37,25
76,67,37,25,57
37,25,57
79,61,52,58
79,61,52
79,61,52,55
70,67,61,53
70,67,61
70,67,61,52
61,52
69,65,62,38,26,53,50
69,65,62,38,26,50
69,65,62,38,26,57,50
38,26,50
62,38,26,50
38,26,50
61,38,26,50
62
57
50,38,65,38
52,40,62,40
53,41,69,41
69,41
55,43,62,45
55,43,62
55,43,62,43
55,43,62,41
62,41
62
43,62
57,45,57,45
57,45
45,33,61,33
61,33
62,62,62,50,38,62,50,38
64,64,64,52,40,64,52,38
65,65,65,53,41,65,53,38
38
64,64,64,52,40,64,52
62,62,62,50,38,62,50
69,69,69,57,45,69,57
74,74,74,62,50,74,62
69,69,69,57,45,69,57
70,70,70,58,46,70,58
67,67,67,55,43,67,55
64,64,64,52,40,64,52
69,69,69,57,45,69,57
65,65,65,53,41,65,53
62,62,62,50,38,62,50
67,67,67,55,43,67,55
64,64,64,52,40,64,52
61,61,61,49,37,61,49
57,57,57,45,33,57,45
70,70,70,58,46,70,58
67,67,67,55,43,67,55
64,64,64,52,40,64,52
57,57,57,45,33,57,45
73,73,73,61,49,73,61
70,70,70,58,46,70,58
67,67,67,55,43,67,55
57,57,57,45,33,57,45
76,76,76,64,52,76,64
73,73,73,61,49,73,61
69,69,69,57,45,69,57
70,70,70,58,46,70,58
67,67,67,55,43,67,55
69,69,69,57,45,69,57
65,65,65,53,41,65,53
67,67,67,55,43,67,55
64,64,64,52,40,64,52
65,65,65,53,41,65,53
62,62,62,50,38,62,50
64,64,64,52,40,64,52
61,61,61,49,37,61,49
62,62,62,50,38,62,50
59,59,59,47,35,59,47
61,61,61,49,37,61,49
57,57,57,45,33,57,45
59,59,59,47,35,59,47
61,61,61,49,37,61,49
62,62,62,50,38,62,50
64,64,64,52,40,64,52
65,65,65,53,41,65,53
67,67,67,55,43,67,55
69,69,69,57,45,69,57
70,70,70,58,46,70,58
72,72,72,60,48,72,60
74,74,74,62,50,74,62
75,75,75,63,51,75,63
66,66,66,54,42,66,54
67,67,67,55,43,67,55
61,61,61,49,37,61,49
62,62,62,50,38,62,50
56,56,56,44,32,56,44
57,57,57,45,33,64,67,69,73,57,45
57,57,57,45,33
62,62,50,38,26,62,65,69,74,38,50
