74,69,66,78,81,78,81,74,62,81,78,74,62,50
50
86,50
50
85,50
85
78,74,78,74,69,50,69,74,78,50,86
81
66,69,74,78,50
81
69,74,78,74,50
69,74,78,50
69,74,78,76,50
76,50
50
50,50,74,50
50
49,49,73,50
49,49,73
74,50,74,50,74
69,45,69,45,69
69,74,78,66,42,66,42,66,50
69,45,69,45,69
81,78,74,38,38,62,50
81,78,74,38,38,50
81,78,74,38,38,69,50
69,50
50
64,50
50
69,50
69
66
69
67
69
66
69
64
69
62
74
74,73,50
74,71,50
74,69,50
74,50
74,62,62,74,50
62,62,74
69,61,61,73,50
69,50
69,59,59,71,50
59,59,71
66,57,57,69,50
66,50
66,55,55,67,50
55,55,67
69,54,54,66,50
69,50
69,52,52,64,50
52,52,64
62,50,50,62,50
62,50,50,50
62,50,50,69,50
69,50
50
64,50
50
69,50
69
66
69
67
69
66
69
64
69
62
74
62,73,50
62,71,50
66,69,50
66,50
66,50,50,74,50
50,50,74
62,49,49,73,50
62,50
62,47,47,71,50
47,47,71
66,45,45,69,50
66,50
66,43,43,67,50
43,43,67
69,42,42,66,50
69,50
69,40,40,64,50
40,40,64
66,74,69,38,38,62,50
66,74,69,38,38,50
66,74,69,38,38,64,50
64,50
50
66,50
50
67,50
67
69,66,62,69
69,66,62
69,66,62,71
71
73
74
73,67,64,67,73,64,67,64,73,76
73,67,64,67,73,64,67,64,73
73,67,64,67,73,64,67,64,73,78
78
79
76
78,69,74,66,74,66,74,57,38,74,66,38,78,50
78,69,74,66,74,66,74,57,38,74,66,38,50
78,69,74,66,74,66,74,57,38,74,66,38,81,50
81,50
50
74,50
50
76,50
76
74,69,66,78
74,69,66
74,69,66,79
79
81
83
67,76,67,76,57,67,76,85
67,76,67,76,57,67,76
67,76,67,76,57,67,76,86
86
83
85
81,78,74,78,69,78,69,62,38,69,78,38,86,50
81,78,74,78,69,78,69,62,38,69,78,38,50
81,78,74,78,69,78,69,62,38,69,78,38,81,50
78,69,81,50
78,69,50
50
69,69,79,50
69,69,50
69,69,81,50
81,50
81
74,78,69,81,81,78
74,78,69,81,81
74,78,69,81,81,81
81
83,83,79
83,83
83,83,81
81
81,81,78
81,81
81,81,81
81
79,79,76
79,79
79,79,81
81
78,78,74
78,78
78,78,86
86
50,50,85
52,52,83
54,54,81
54,54
54,54,74
74
55,55,83
55,55
55,55,74
74
54,54,81
54,54
54,54,74
74
52,52,79
52,52
52,52,74
74
69,78,74,50,50,78,50
69,78,74,50,50,50
69,78,74,50,50,81,50
81,50
50
57,57,76,50
57,57,50
57,57,81,50
81,50
81
66,74,69,69,69,78
66,74,69,69,69
66,74,69,69,69,81
81
71,71,79
71,71
71,71,81
81
69,69,78
69,69
69,69,81
81
67,67,76
67,67
67,67,81
81
66,66,74
66,66
66,66,86
86
38,38,85
40,40,83
42,42,81
42,42
42,42,74
74
43,43,83
43,43
43,43,74
74
42,42,81
42,42
42,42,74
74
40,40,79
40,40
40,40,74
74
38,38,78
38,38
38,38,74
38,38
38,38,74
38,38
38,38,74
74
73
74
76
74
73
74
74,74,78
74,74
74,74,74
74
73,73,76
73,73
73,73,74
74
74,74,78
74,74
74,74,74
74
76,76,79
76,76
76,76,74
74
73,73,76
73,73
73,73,74
74
74,38,74,38,78
74,38,74,38,78,74
38,38,74
38,38
66,38,66,38,74
66,38,66,38
66,38,66,38,74
38,38,74
74
64,64,73
64,64
64,64,74
74
66,66,74
66,66
66,66,74
74
67,67,76
67,67
67,67,74
74
64,64,73
64,64
64,64,74
74
66,66
66,66,74
66
62,62,78
62,62
62,62,74
74
61,61,76
61,61
61,61,74
74
62,62,78
62,62
62,62,74
74
64,64,79
64,64
64,64,74
74
61,61,76
61,61
61,61,74
74
69,74,74,69,69,69,74,78
69,74,74,69,69,69,74
69,74,74,69,69,69,74,74
74
50,50,73
50,50
50,50,74
50,50
74,69,66,50,50,69
74,69,66,50,50
74,69,66,50,50,74
50,50,74
50,50
50,50,73
50,50
50,50,74
50,50
66,62,69,50,50,78
66,62,69,50,50
66,62,69,50,50,74
50,50,74
50,50
50,50,73
50,50
50,50,74
50,50
78,74,74,78,69,74,78,69,81
78,74,74,78,69,74,78,69
78,74,74,78,69,74,78,69,78
78
50,50,76
50,50
50,50,78
50,50
78,69,74,50,50,74
78,69,74,50,50
78,69,74,50,50,78
50,50,78
50,50
50,50,76
50,50
50,50,78
50,50
66,69,74,50,50,81
66,69,74,50,50
66,69,74,50,50,78
50,50,78
50,50
50,50,76
50,50
50,50,78
50,50
78,74,81,69,69,69,69,86
78,74,81,69,69,69,69
78,74,81,69,69,69,69,81
81
50,50,79
50,50
50,50,81
50,50
50,50,78
50,50
50,50,81
50,50
50,50,76
50,50
50,50,81
50,50
50,50,74
50,50
50,50,81
50,50
50,50,72
50,50
50,50,81
50,50
74,79,79,74,71,71,79,74,71
74,79,79,74,71,71,79,74
74,79,79,74,71,71,79,74,79
79
50,50,74
50,50
50,50,79
50,50
50,50,71
50,50
50,50,79
50,50
50,50,74
50,50
50,50,79
50,50
50,50,71
50,50
50,50,79
50,50
50,50,74
50,50
50,50,79
50,50
74,79,74,79,69,79,69,74,69
74,79,74,79,69,79,69,74
74,79,74,79,69,79,69,74,79
79
50,50,74
50,50
50,50,79
50,50
50,50,69
50,50
50,50,79
50,50
50,50,74
50,50
50,50,79
50,50
50,50,69
50,50
50,50,79
50,50
50,50,74
50,50
50,50,79
50,50
78,69,74,74,78,69,78,69,74,69
78,69,74,74,78,69,78,69,74
78,69,74,74,78,69,78,69,74,78
78
50,50,74
50,50
50,50,78
50,50
50,50,69
50,50
50,50,78
50,50
50,50,74
50,50
50,50,78
50,50
50,50,69
50,50
50,50,78
50,50
50,50,74
50,50
50,50,78
50,50
78,74,78,74,67,74,67,78,67
78,74,78,74,67,74,67,78
78,74,78,74,67,74,67,78,78
78
50,50,74
50,50
50,50,78
50,50
50,50,67
50,50
50,50,78
50,50
50,50,74
50,50
50,50,78
50,50
50,50,67
50,50
50,50,78
50,50
50,50,74
50,50
50,50,78
50,50
76,73,76,73,67,73,67,76,67
76,73,76,73,67,73,67,76
76,73,76,73,67,73,67,76,76
76
50,50,73
50,50
50,50,76
50,50
50,50,67
50,50
50,50,76
50,50
50,50,73
50,50
50,50,76
50,50
50,50,67
50,50
50,50,76
50,50
50,50,73
50,50
50,50,76
50,50
73,76,73,76,66,76,66,73,66
73,76,73,76,66,76,66,73
73,76,73,76,66,76,66,73,76
76
50,50,69
50,50
50,50,76
50,50
50,50,66
50,50
50,50,76
50,50
50,50,69
50,50
50,50,76
50,50
50,50,66
50,50
50,50,76
50,50
50,50,69
50,50
50,50,76
50,50
74,69,74,69,66,69,66,74,66
74,69,74,69,66,69,66,74
74,69,74,69,66,69,66,74,74
74
50,50,69
50,50
50,50,74
50,50
50,50,66
50,50
50,50,74
50,50
50,50,69
50,50
50,50,74
50,50
50,50,66
50,50
50,50,74
50,50
50,50,69
50,50
50,50,74
50,50
74,67,74,67,64,67,64,74,64
74,67,74,67,64,67,64,74
74,67,74,67,64,67,64,74,74
74
50,50,67
50,50
50,50,74
50,50
50,50,64
50,50
50,50,74
50,50
50,50,67
50,50
50,50,74
50,50
50,50,64
50,50
50,50,74
50,50
50,50,67
50,50
50,50,74
50,50
73,67,67,73,64,73,64,67,64
73,67,67,73,64,73,64,67
73,67,67,73,64,73,64,67,73
73
50,50,67
50,50
50,50,73
50,50
50,50,64
50,50
50,50,73
50,50
50,50,67
50,50
50,50,73
50,50
50,50,64
50,50
50,50,73
50,50
50,50,67
50,50
50,50,73
50,50
81,74,78,78,81,66,74,57,38,74,66,57,62,50
81,74,78,78,81,66,74,57,38,74,66,57,50
81,74,78,78,81,66,74,57,38,74,66,57,64,50
66,74,57,38,74,66,57,64,50
66,74,57,38,74,66,57,50
57,62,54,62,57,54,62,38,50
57,62,54,62,57,54,38,50
57,62,54,62,57,54,64,38,50
57,62,54,62,57,54,64
57,62,54,62,57,54
78,69,74,78,74,62,57,54,62,57,54,66
78,69,74,78,74,62,57,54,62,57,54
78,69,74,78,74,62,57,54,62,57,54,69
62,57,54,62,57,54,69
62,57,54,62,57,54
57,62,54,62,57,54,62
57,62,54,62,57,54
57,62,54,62,57,54,64
57,62,54,62,57,54
62,57,54,57,62,54,66
62,57,54,57,62,54
62,57,54,57,62,54,69
62,57,54,57,62,54
62,57,54,62,57,54,62
62,57,54,62,57,54
62,57,54,62,57,54,64
64
69,78,74,74,78,50,66,50
69,78,74,74,78,50,50
69,78,74,74,78,50,67,50
50,67,50
50,50
66,62,57,62,66,50,57,66,50
66,62,57,62,66,50,57,50
66,62,57,62,66,50,57,67,50
66,62,57,62,66,57,67
66,62,57,62,66,57
69,74,66,69,74,62,66,57,62,66,57,69
69,74,66,69,74,62,66,57,62,66,57
69,74,66,69,74,62,66,57,62,66,57,74
62,66,57,62,66,57,74
62,66,57,62,66,57
62,66,57,66,62,57,66
62,66,57,66,62,57
62,66,57,66,62,57,67
62,66,57,66,62,57
66,62,57,62,66,57,69
66,62,57,62,66,57
66,62,57,62,66,57,74
66,62,57,62,66,57
62,66,57,62,66,57,66
62,66,57,62,66,57
62,66,57,62,66,57,67
67
69,74,66,69,74,38,69,50
69,74,66,69,74,38,50
69,74,66,69,74,38,71,50
38,71,50
38,50
69,66,62,69,66,38,62,69,50
69,66,62,69,66,38,62,50
69,66,62,69,66,38,62,71,50
69,66,62,69,66,62,71
69,66,62,69,66,62
69,66,62,66,69,66,69,62,66,69,62,72
69,66,62,66,69,66,69,62,66,69,62
69,66,62,66,69,66,69,62,66,69,62,78
66,69,62,66,69,62,78
66,69,62,66,69,62
69,66,62,69,66,62,69
69,66,62,69,66,62
69,66,62,69,66,62,71
69,66,62,69,66,62
69,66,62,66,69,62,72
69,66,62,66,69,62
69,66,62,66,69,62,78
69,66,62,66,69,62
69,66,62,69,66,62,69
69,66,62,69,66,62
69,66,62,69,66,62,71
71
62,57,66,62,66,50,72,50
62,57,66,62,66,50,50
62,57,66,62,66,50,81,50
50,81,50
50,50
72,69,66,69,72,50,66,78,50
72,69,66,69,72,50,66,50
72,69,66,69,72,50,66,74,50
72,69,66,69,72,66,74
72,69,66,69,72,66
57,54,62,57,62,69,72,66,72,69,66,72
57,54,62,57,62,69,72,66,72,69,66
57,54,62,57,62,69,72,66,72,69,66,69
69,72,66,72,69,66,69
69,72,66,72,69,66
72,69,66,69,72,66,66
72,69,66,69,72,66
72,69,66,69,72,66,62
72,69,66,69,72,66
69,72,66,69,72,66,60
69,72,66,69,72,66
69,72,66,69,72,66,59
69,72,66,69,72,66
72,69,66,72,69,66,60
72,69,66,72,69,66
72,69,66,72,69,66,57
57
69,71,66,51,71,69,66,51,59
69,71,66,51,71,69,66,51
69,71,66,51,71,69,66,51,61
69,71,66,51,71,69,66,51
69,71,66,71,69,66
69,71,66,59,71,69,66,59,59
69,71,66,59,71,69,66,59
69,71,66,59,71,69,66,59,61
69,71,66,59,71,69,66,59
69,71,66,59,71,69,66,59,63
69,71,66,59,71,69,66,59
69,71,66,59,71,69,66,59,66
69,71,66,59,71,69,66,59
69,71,66,59,71,69,66,59,59
69,71,66,59,71,69,66,59
69,71,66,59,71,69,66,59,61
69,71,66,59,71,69,66,59
69,71,66,59,71,69,66,59,63
69,71,66,59,71,69,66,59
69,71,66,59,71,69,66,59,66
69,71,59,59,66
69,71,59,59
69,71,59,59,59
69,71,59,59
69,71,59,59,61
69,71,59,59
69,71,63,63,63,69,71
69,71,63,63,69,71
69,71,63,64,63,69,71
69,71,63,63,69,71
69,71,63,54,63,69,71,54,63
69,71,63,54,63,69,71,54
69,71,63,54,63,69,71,54,64
69,71,63,54,63,69,71,54
69,71,63,54,63,69,71,54,66
69,71,63,54,63,69,71,54
69,71,63,54,63,69,71,54,71
69,71,63,54,63,69,71,54
69,71,63,54,63,69,71,54,63
69,71,63,54,63,69,71,54
69,71,63,54,63,69,71,54,64
69,71,63,54,63,69,71,54
69,71,63,54,63,69,71,54,66
69,71,63,54,63,69,71,54
69,71,63,54,63,69,71,54,71
69,71,54,54,71
69,71,54,54
69,71,54,54,63
69,71,54,54
69,71,54,54,64
69,71,54,54
69,71,59,66,59,69,71
69,71,59,59,69,71
69,71,59,67,59,69,71
69,71,59,59,69,71
69,71,59,51,59,69,71,51,66
69,71,59,51,59,69,71,51
69,71,59,51,59,69,71,51,67
69,71,59,51,59,69,71,51
69,71,59,51,59,69,71,51,69
69,71,59,51,59,69,71,51
69,71,59,51,59,69,71,51,75
69,71,59,51,59,69,71,51
69,71,59,51,59,69,71,51,66
69,71,59,51,59,69,71,51
69,71,59,51,59,69,71,51,67
69,71,59,51,59,69,71,51
69,71,59,51,59,69,71,51,69
69,71,59,51,59,69,71,51
69,71,59,51,59,69,71,51,75
69,71,51,51,75
69,71,51,51
69,71,51,51,66
69,71,51,51
69,71,51,51,67
69,71,51,51
69,71,63,69,63,69,71
69,71,63,63,69,71
69,71,63,78,63,69,71
69,71,63,63,69,71
69,71,63,47,63,69,71,47,75
69,71,63,47,63,69,71,47
69,71,63,47,63,69,71,47,71
69,71,63,47,63,69,71,47
69,71,63,47,63,69,71,47,81
69,71,63,47,63,69,71,47
69,71,63,47,63,69,71,47,78
69,71,63,47,63,69,71,47
69,71,63,47,63,69,71,47,79
69,71,63,47,63,69,71,47
69,71,63,47,63,69,71,47,76
69,71,63,47,63,69,71,47
69,71,63,47,63,69,71,47,75
69,71,63,47,63,69,71,47
69,71,63,47,63,69,71,47,78
71,47,47,78
71,47,47
47,71,47,71
47,71,47
47,71,47,69
47,71,47
67,71,64,40,64,67,40,67
67,71,64,40,64,67,40
67,71,64,40,64,67,40,71
67,71,64,40,64,67,40
67,71,64,40,64,67,40,67
67,71,64,40,64,67,40
67,71,64,40,64,67,40,64
64
70,79,61,76,73,70,79
70,79,61,73,70,79
70,79,61,73,73,70,79
70,79,61,73,70,79
70,79,61,52,73,70,79,52,74
70,79,61,52,73,70,79,52
70,79,61,52,73,70,79,52,71
52,52,71
71
54,54,70
54,54
54,54,73
73
46,46,66
46,46
46,46,64
64
78,66,47,67,78,47,62
78,66,47,67,78,47
78,66,47,67,78,47,66
78,66,47,67,78,47
78,66,47,67,78,47,62
78,66,47,67,78,47
78,66,47,67,78,47,59
59
83,78,62,62,74,83,78
83,78,62,74,83,78
83,78,62,66,74,83,78
83,78,62,74,83,78
83,78,62,50,74,83,78,50,71
83,78,62,50,74,83,78,50
83,78,62,50,74,83,78,50,66
50,50,66
66
47,47,74
47,47
47,47,71
71
50,50,78
50,50
50,50,71
71
70,54
54
73,54
54
66,61,61,66,58,54,66,61,58,70
66,61,61,66,58,54,66,61,58
66,61,61,66,58,54,66,61,58,66
54,66
54
70,66,70,66,61,54,66,70,61,78
70,66,70,66,61,54,66,70,61
70,66,70,66,61,54,66,70,61,77
54,77
54
73,70,73,70,66,54,70,73,66,78
73,70,73,70,66,54,70,73,66
73,70,73,70,66,54,70,73,66,77
54,77
54
73,78,78,73,70,54,78,73,70,78
73,78,78,73,70,54,78,73,70
73,78,78,73,70,54,78,73,70,73
54,73
54
74,54
54
71,54
54
70,54
54
73,54
54
61,66,66,61,58,54,61,66,58,70
61,66,66,61,58,54,61,66,58
61,66,66,61,58,54,61,66,58,66
54,66
54
66,70,66,70,61,54,70,66,61,76
66,70,66,70,61,54,70,66,61
66,70,66,70,61,54,70,66,61,75
54,75
54
70,73,70,73,66,54,73,70,66,76
70,73,70,73,66,54,73,70,66
70,73,70,73,66,54,73,70,66,75
54,75
54
73,76,76,73,70,54,76,73,70,76
73,76,76,73,70,54,76,73,70
73,76,76,73,70,54,76,73,70,73
54,73
54
74,54
54
71,54
54
70,54
54
73,54
54
61,70,61,70,61,54,70,70
61,70,61,70,61,54,70
61,70,61,70,61,54,70,66
54,66
54
71,62,71,62,62,54,71,67
71,62,71,62,62,54,71
71,62,71,62,62,54,71,66
54,66
54
61,70,61,70,61,54,70,67
61,70,61,70,61,54,70
61,70,61,70,61,54,70,66
54,66
54
62,71,62,71,71,54,62,67
62,71,62,71,71,54,62
62,71,62,71,71,54,62,61
54,61
54
59,67,67,59,59,54,67,62
59,67,67,59,59,54,67
59,67,67,59,59,54,67,59
54,59
54
66,61,66,61,61,54,61,58
66,61,66,61,61,54,61
66,61,66,61,61,54,61,64
66,66,54,64
66,66,54
66,62,66,59,62,54,59,59
66,62,66,59,62,54,59
66,62,66,59,62,54,59,64
66,66,54,64
66,66,54
66,64,66,61,64,54,61,61
66,64,66,61,64,54,61
66,64,66,61,64,54,61,64
66,66,54,64
66,66,54
66,62,66,59,62,54,59,59
66,62,66,59,62,54,59
66,62,66,59,62,54,59,64
66,66,54,64
66,66,54
66,61,66,58,61,54,58,58
66,61,66,58,61,54,58
66,61,66,58,61,54,58,64
66,66,64
66,66
66,59,66,56,59,56,61
66,59,66,56,59,56
66,59,66,56,59,56,64
66,66,64
66,66
66,61,66,58,58,66,61,54
66,61,66,58,58,66,61
66,61,66,58,58,66,61,64
66,61,66,58,66,61,64
66,61,66,58,66,61
66,61,66,58,42,66,61,42,73
66,61,66,58,42,66,61,42
66,61,66,58,42,66,61,42,64
42,42,64
42,42
76,70,70,76,61,42,70,61,76,42,70
76,70,70,76,61,42,70,61,76,42
76,70,70,76,61,42,70,61,76,42,64
76,70,70,76,61,42,70,61,76,42
76,70,70,76,61,42,70,61,76,42,73
76,70,70,76,61,42,70,61,76,42
76,70,70,76,61,42,70,61,76,42,64
42,42,64
42,42
42,42,70
42,42
42,42,64
42,42
70,73,70,73,66,42,73,66,70,42,73
70,73,70,73,66,42,73,66,70,42
70,73,70,73,66,42,73,66,70,42,64
42,42,64
42,42
74,71,71,74,66,54,74,66,71
74,71,71,74,66,74,66,71
74,71,71,74,66,62,74,66,71
74,71,71,74,66,74,66,71
74,71,71,74,66,42,74,66,71,42,71
74,71,71,74,66,42,74,66,71,42
74,71,71,74,66,42,74,66,71,42,62
42,42,62
42,42
71,66,71,66,62,42,66,71,62,42,74
71,66,71,66,62,42,66,71,62,42
71,66,71,66,62,42,66,71,62,42,62
71,66,71,66,62,42,66,71,62,42
71,66,71,66,62,42,66,71,62,42,71
71,66,71,66,62,42,66,71,62,42
71,66,71,66,62,42,66,71,62,42,62
42,42,62
42,42
42,42,74
42,42
42,42,62
42,42
65,59,59,65,56,42,56,65,59,42,71
65,59,59,65,56,42,56,65,59,42
65,59,59,65,56,42,56,65,59,42,62
42,42,62
42,42
66,61,66,61,58,54,61,58,66
66,61,66,61,58,61,58,66
66,61,66,61,58,64,61,58,66
66,61,66,61,58,61,58,66
66,61,66,61,58,42,61,58,66,42,73
66,61,66,61,58,42,61,58,66,42
66,61,66,61,58,42,61,58,66,42,64
42,42,64
42,42
76,70,70,76,61,42,70,61,76,42,70
76,70,70,76,61,42,70,61,76,42
76,70,70,76,61,42,70,61,76,42,64
76,70,70,76,61,42,70,61,76,42
76,70,70,76,61,42,70,61,76,42,73
76,70,70,76,61,42,70,61,76,42
76,70,70,76,61,42,70,61,76,42,64
42,42,64
42,42
42,42,70
42,42
42,42,64
42,42
70,73,70,73,66,42,73,66,70,42,73
70,73,70,73,66,42,73,66,70,42
70,73,70,73,66,42,73,66,70,42,64
42,42,64
42,42
74,71,71,74,66,54,71,66,74
74,71,71,74,66,71,66,74
74,71,71,74,66,62,71,66,74
74,71,71,74,66,71,66,74
74,71,71,74,66,42,71,66,74,42,71
74,71,71,74,66,42,71,66,74,42
74,71,71,74,66,42,71,66,74,42,62
42,42,62
42,42
71,66,71,66,62,42,71,62,66,42,74
71,66,71,66,62,42,71,62,66,42
71,66,71,66,62,42,71,62,66,42,62
71,66,71,66,62,42,71,62,66,42
71,66,71,66,62,42,71,62,66,42,71
71,66,71,66,62,42,71,62,66,42
71,66,71,66,62,42,71,62,66,42,62
42,42,62
42,42
42,42,74
42,42
42,42,62
42,42
66,66,59,71,42,59,66,42,71
66,66,59,71,42,59,66,42
66,66,59,71,42,59,66,42,62
42,42,62
42,42
71,65,65,71,56,42,65,71,56,54
71,65,65,71,56,42,65,71,56
71,65,65,71,56,42,65,71,56,65
42,65
42
74,71,74,71,65,42,74,71,65,71
74,71,74,71,65,42,74,71,65
74,71,74,71,65,42,74,71,65,65
74,71,74,71,65,74,71,65,65
65
71,74,74,71,65,54,74,71,65,74
71,74,74,71,65,54,74,71,65
71,74,74,71,65,54,74,71,65,65
54,65
54
74,71,71,74,65,54,71,74,65,71
74,71,71,74,65,54,71,74,65
74,71,71,74,65,54,71,74,65,65
74,71,71,74,65,71,74,65,65
65
71,74,71,74,65,74,71,65,74
71,74,71,74,65,74,71,65
71,74,71,74,65,74,71,65,65
65
74,71,71,74,65,42,71,74,65,71
74,71,71,74,65,42,71,74,65
74,71,71,74,65,42,71,74,65,65
65
54,42
42
65,42
42
71,74,71,74,65,42,71,74,65,71
71,74,71,74,65,42,71,74,65
71,74,71,74,65,42,71,74,65,65
71,74,71,74,65,71,74,65,65
65
71,74,71,74,65,54,71,74,65,74
71,74,71,74,65,54,71,74,65
71,74,71,74,65,54,71,74,65,65
54,65
54
74,71,71,74,65,54,71,74,65,71
74,71,71,74,65,54,71,74,65
74,71,71,74,65,54,71,74,65,65
74,71,71,74,65,71,74,65,65
65
74,71,74,71,65,74,71,65,74
74,71,74,71,65,74,71,65
74,71,74,71,65,74,71,65,65
65
71,74,74,71,65,42,74,71,65,71
71,74,74,71,65,42,74,71,65
71,74,74,71,65,42,74,71,65,65
65
54,42
42
66,42
42
71,73,71,73,66,42,73,71,66,71
71,73,71,73,66,42,73,71,66
71,73,71,73,66,42,73,71,66,66
71,73,71,73,66,73,71,66,66
66
71,73,71,73,66,54,71,73,66,73
71,73,71,73,66,54,71,73,66
71,73,71,73,66,54,71,73,66,66
54,66
54
73,71,73,71,66,54,73,71,66,71
73,71,73,71,66,54,73,71,66
73,71,73,71,66,54,73,71,66,66
73,71,73,71,66,73,71,66,66
66
73,71,73,71,66,71,73,66,73
73,71,73,71,66,71,73,66
73,71,73,71,66,71,73,66,66
66
71,73,73,71,66,42,73,71,66,71
71,73,73,71,66,42,73,71,66
71,73,73,71,66,42,73,71,66,66
66
54,42
42
64,42
42
70,73,70,73,64,42,73,70,64,70
70,73,70,73,64,42,73,70,64
70,73,70,73,64,42,73,70,64,64
70,73,70,73,64,73,70,64,64
64
70,73,70,73,64,54,70,73,64,73
70,73,70,73,64,54,70,73,64
70,73,70,73,64,54,70,73,64,64
54,64
54
73,70,73,70,64,54,73,70,64,70
73,70,73,70,64,54,73,70,64
73,70,73,70,64,54,73,70,64,64
73,70,73,70,64,73,70,64,64
64
73,70,73,70,64,70,73,64,73
73,70,73,70,64,70,73,64
73,70,73,70,64,70,73,64,64
64
70,73,73,70,64,42,73,70,64,70
70,73,73,70,64,42,73,70,64
70,73,73,70,64,42,73,70,64,64
64
66,71,66,71,62,47,62,66,71,47,62,43
66,71,66,71,62,47,62,66,71,47,43
66,71,66,71,62,47,62,66,71,47,71,43
66,71,66,71,62,62,66,71,71,43
66,71,66,71,62,62,66,71,43
66,71,66,71,62,47,62,66,71,47,69,43
66,71,66,71,62,47,62,66,71,47,43
66,71,66,71,62,47,62,66,71,47,67,43
47,47,67
67
66,83,74,50,50,66
66,83,74,50,50
66,83,74,50,50,71
71
54,54,66
54,54
54,54,64
64
74,78,66,59,59,62
74,78,66,59,59
74,78,66,59,59,66
59,59,66
59,59
62,59,59
59,59
61,59,59
61
74,71,71,74,66,59,71,66,74,43
74,71,71,74,66,71,66,74,43
74,71,71,74,66,71,71,66,74,43
74,71,71,74,66,71,66,74,43
74,71,71,74,66,47,71,66,74,47,66,43
74,71,71,74,66,47,71,66,74,47,43
74,71,71,74,66,47,71,66,74,47,64,43
47,47,64
64
66,78,83,50,50,62
66,78,83,50,50
66,78,83,50,50,66
66
54,54,62
54,54
54,54,61
61
78,66,74,59,59,59
78,66,74,59,59
78,66,74,59,59,62
62
47,47,59
47,47
47,47,57
57
52,56,52
52,52
52,64,52
52,52
59,64,64,59,56,52,64,59,56,71
59,64,64,59,56,52,64,59,56
59,64,64,59,56,52,64,59,56,64
59,64,64,59,56,64,59,56,64
64
64,68,68,64,59,64,68,59,74
64,68,68,64,59,64,68,59
64,68,68,64,59,64,68,59,64
64
68,71,71,68,64,71,68,64,71
68,71,71,68,64,71,68,64
68,71,71,68,64,71,68,64,64
64
71,74,74,71,68,74,71,68,74
71,74,74,71,68,74,71,68
71,74,74,71,68,74,71,68,64
71,74,74,71,68,74,71,68
71,74,74,71,68,74,71,68,71
71,74,74,71,68,74,71,68
71,74,74,71,68,74,71,68,64
64
52,56,40
52,40
52,64,40
52,40
59,68,59,68,56,40,59,68,56,71
59,68,59,68,56,40,59,68,56
59,68,59,68,56,40,59,68,56,64
59,68,59,68,56,59,68,56,64
64
64,68,64,68,59,64,68,59,74
64,68,64,68,59,64,68,59
64,68,64,68,59,64,68,59,64
64
68,71,68,71,64,68,71,64,71
68,71,68,71,64,68,71,64
68,71,68,71,64,68,71,64,64
64
74,71,71,74,68,74,71,68,74
74,71,71,74,68,74,71,68
74,71,71,74,68,74,71,68,64
64
71,71,68,71,68,71
71,71,68,71,68
71,71,68,71,68,64
64
73,69,69,73,64,57,69,73,64,45
73,69,69,73,64,69,73,64,45
73,69,69,73,64,81,69,73,64,45
73,69,69,73,64,69,73,64,45
73,69,69,73,64,45,69,73,64,80,45
73,69,69,73,64,45,69,73,64,45
73,69,69,73,64,45,69,73,64,78,45
45,78
78
69,85,81,49,76
69,85,81,49
69,85,81,49,81
81
52,76
52
52,74
74
81,69,76,57,73
81,69,76,57
81,69,76,57,76
57,76
57
73,57
57
71,57
71
73,76,73,76,69,69,73,76,57,45
73,76,73,76,69,73,76,57,45
73,76,73,76,69,81,73,76,57,45
73,76,73,76,69,73,76,57,45
73,76,73,76,69,45,73,76,57,76,45
73,76,73,76,69,45,73,76,57,45
73,76,73,76,69,45,73,76,57,74,45
45,74
74
69,81,76,49,73
69,81,76,49
69,81,76,49,76
76
52,73
52
52,71
71
76,69,85,57,69
76,69,85,57
76,69,85,57,73
73
45,69
45
45,67
67
66,50,50
50,50
72,50,50
50,50
69,74,69,74,66,50,74,69,66,50,71
69,74,69,74,66,50,74,69,66,50
69,74,69,74,66,50,74,69,66,50,72
69,74,69,74,66,74,69,66,72
72
78,74,78,74,69,69,78,74,78
78,74,78,74,69,69,78,74
78,74,78,74,69,69,78,74,72
72
78,81,81,78,74,78,74,81,81
78,81,81,78,74,78,74,81
78,81,81,78,74,78,74,81,72
72
81,84,84,81,66,78,84,81,78
81,84,84,81,66,78,84,81
81,84,84,81,66,78,84,81,72
81,84,84,81,66,78,84,81
81,84,84,81,66,78,84,81,74
81,84,84,81,66,78,84,81
81,84,84,81,66,78,84,81,72
72
66,38,38
38,38
72,38,38
38,38
57,62,62,57,54,38,57,62,54,38,74
57,62,62,57,54,38,57,62,54,38
57,62,62,57,54,38,57,62,54,38,72
57,62,62,57,54,57,62,54,72
72
62,66,66,62,57,66,62,57,66
62,66,66,62,57,66,62,57
62,66,66,62,57,66,62,57,72
72
69,66,66,69,62,62,66,69,64
69,66,66,69,62,62,66,69
69,66,66,69,62,62,66,69,72
72
69,72,69,72,66,69,72,66,66
69,72,69,72,66,69,72,66
69,72,69,72,66,69,72,66,72
72
69,69,66,66,69,62
69,69,66,66,69
69,69,66,66,69,72
72
83,90,86,74,78,71,71,43,71,43,71,43
83,90,86,74,78,71,71,43,71,43,43
83,90,86,74,78,71,71,43,71,43,74,43
43,43,74,43
43,43,43
62,62,62,79,43,43,43
62,62,62,43,43,43
62,62,62,78,43,43,43
62,62,62,78
78
79,83,74,71,67,74,74,74,79
79,83,74,71,67,74,74,74
79,83,74,71,67,74,74,74,74
74
76,76,76,72
76,76,76
76,76,76,74
74
74,74,74,71
74,74,74
74,74,74,74
74
72,72,72,69
72,72,72
72,72,72,74
74
71,71,71,67
71,71,71
71,71,71,79
79
55,55,78
57,57,76
59,59,74
59,59
59,59,67
67
60,60,76
60,60
60,60,67
67
59,59,74
59,59
59,59,67
67
57,57,72
57,57
57,57,67
67
74,83,79,79,83,71,50
74,83,79,79,83,50
74,83,79,79,83,74,50
74,50
50
66,66,69,50
66,66,50
66,66,74,50
66,66,74
74
62,74,79,74,79,67,67,71
62,74,79,74,79,67,67
62,74,79,74,79,67,67,74
74
64,64,72
64,64
64,64,74
74
62,62,71
62,62
62,62,74
74
60,60,69
60,60
60,60,74
74
59,59,67
59,59
59,59,79
79
43,43,78
45,45,76
47,47,74
47,47
47,47,67
67
48,48,76
48,48
48,48,67
67
47,47,74
47,47
47,47,67
67
45,45,72
45,45
45,45,67
67
43,43,71
43,43
43,43,67
43,43
43,43,67
43,43
43,43,67
67
66
67
69
67
66
67
67,67,71
67,67
67,67,67
67
66,66,69
66,66
66,66,67
67
67,67,71
67,67
67,67,67
67
69,69,72
69,69
69,69,67
67
66,66,69
66,66
66,66,67
67
67,67,71
67,67
67,67,67
67
59,59,67
59,59
59,59,67
67
57,57,66
57,57
57,57,67
67
59,59,67
59,59
59,59,67
67
60,60,69
60,60
60,60,67
67
57,57,66
57,57
57,57,67
67
59,59,67
59,59
59,59,67
67
55,55,71
55,55
55,55,67
67
54,54,69
54,54
54,54,67
67
55,55,71
55,55
55,55,67
67
57,57,72
57,57
57,57,67
67
54,54,69
54,54
54,54,67
67
62,67,67,62,55,67,62,55,71,50
62,67,67,62,55,67,62,55,50
62,67,67,62,55,67,62,55,67,50
67,50
50
43,43,66,50
43,43,50
43,43,67,50
43,43,67
43,43
83,74,79,43,43,62
83,74,79,43,43
83,74,79,43,43,67
43,43,67
43,43
43,43,66
43,43
43,43,67
43,43
62,79,74,43,43,71
62,79,74,43,43
62,79,74,43,43,67
43,43,67
43,43
43,43,66
43,43
43,43,67
43,43
67,71,67,71,62,71,67,62,74,50
67,71,67,71,62,71,67,62,50
67,71,67,71,62,71,67,62,71,50
71,50
50
43,43,69,50
43,43,50
43,43,71,50
43,43,71
43,43
74,83,79,43,43,67
74,83,79,43,43
74,83,79,43,43,71
43,43,71
43,43
43,43,69
43,43
43,43,71
43,43
62,79,74,43,43,74
62,79,74,43,43
62,79,74,43,43,71
43,43,71
43,43
43,43,69
43,43
43,43,71
43,43
86,79,83,71,74,74,71,62,71,62,74,79,50
86,79,83,71,74,74,71,62,71,62,74,50
86,79,83,71,74,74,71,62,71,62,74,74,50
74,50
50
43,43,72,50
43,43,50
43,43,74,50
43,43,74
43,43
43,43,71
43,43
43,43,74
43,43
43,43,69
43,43
43,43,74
43,43
43,43,67
43,43
43,43,74
43,43
43,43,65
43,43
43,43,74
43,43
72,67,64,72,64,67,64
72,67,64,72,64,67
72,67,64,72,64,67,72
72
43,43,67
43,43
43,43,72
43,43
43,43,64
43,43
43,43,72
43,43
43,43,67
43,43
43,43,72
43,43
43,43,64
43,43
43,43,72
43,43
43,43,67
43,43
43,43,72
43,43
72,67,62,72,62,67,62
72,67,62,72,62,67
72,67,62,72,62,67,72
72
43,43,67
43,43
43,43,72
43,43
43,43,62
43,43
43,43,72
43,43
43,43,67
43,43
43,43,72
43,43
43,43,62
43,43
43,43,72
43,43
43,43,67
43,43
43,43,72
43,43
71,67,62,71,62,67,62
71,67,62,71,62,67
71,67,62,71,62,67,71
71
43,43,67
43,43
43,43,71
43,43
43,43,62
43,43
43,43,71
43,43
43,43,67
43,43
43,43,71
43,43
43,43,62
43,43
43,43,71
43,43
43,43,67
43,43
43,43,71
43,43
67,71,60,71,60,67,60
67,71,60,71,60,67
67,71,60,71,60,67,71
71
43,43,67
43,43
43,43,71
43,43
43,43,60
43,43
43,43,71
43,43
43,43,67
43,43
43,43,71
43,43
43,43,60
43,43
43,43,71
43,43
43,43,67
43,43
43,43,71
43,43
66,69,60,69,60,66,60
66,69,60,69,60,66
66,69,60,69,60,66,69
69
43,43,66
43,43
43,43,69
43,43
43,43,60
43,43
43,43,69
43,43
43,43,66
43,43
43,43,69
43,43
43,43,60
43,43
43,43,69
43,43
43,43,66
43,43
43,43,69
43,43
62,69,59,62,59,69,59
62,69,59,62,59,69
62,69,59,62,59,69,69
69
43,43,62
43,43
43,43,69
43,43
43,43,59
43,43
43,43,69
43,43
43,43,62
43,43
43,43,69
43,43
43,43,59
43,43
43,43,69
43,43
43,43,62
43,43
43,43,69
43,43
67,62,59,67,59,62,59
67,62,59,67,59,62
67,62,59,67,59,62,67
67
43,43,62
43,43
43,43,67
43,43
43,43,59
43,43
43,43,67
43,43
43,43,62
43,43
43,43,67
43,43
43,43,59
43,43
43,43,67
43,43
43,43,62
43,43
43,43,67
43,43
60,67,57,57,60,67,57
60,67,57,57,60,67
60,67,57,57,60,67,67
67
43,43,60
43,43
43,43,67
43,43
43,43,57
43,43
43,43,67
43,43
43,43,60
43,43
43,43,67
43,43
43,43,57
43,43
43,43,67
43,43
43,43,60
43,43
43,43,67
43,43
66,60,57,60,66,57,57
66,60,57,60,66,57
66,60,57,60,66,57,66
66
43,43,60
43,43
43,43,66
43,43
43,43,57
43,43
43,43,66
43,43
43,43,60
43,43
43,43,66
43,43
43,43,57
43,43
43,43,66
43,43
43,43,60
43,43
43,43,66
43,43
79,86,83,71,67,62,67,59,43,67,62,59,55,43
79,86,83,71,67,62,67,59,43,67,62,59,43
79,86,83,71,67,62,67,59,43,67,62,59,57,43
62,67,59,43,67,62,59,57,43
62,67,59,43,67,62,59,43
62,59,55,62,59,55,55,43,43
62,59,55,62,59,55,43,43
62,59,55,62,59,55,57,43,43
62,59,55,62,59,55,57
62,59,55,62,59,55
74,83,79,74,71,62,59,55,62,59,55,59
74,83,79,74,71,62,59,55,62,59,55
74,83,79,74,71,62,59,55,62,59,55,62
62,59,55,62,59,55,62
62,59,55,62,59,55
59,62,55,59,62,55,55
59,62,55,59,62,55
59,62,55,59,62,55,57
59,62,55,59,62,55
59,62,55,62,59,55,59
59,62,55,62,59,55
59,62,55,62,59,55,62
59,62,55,62,59,55
59,62,55,62,59,55,55
59,62,55,62,59,55
59,62,55,62,59,55,57
57
79,83,74,71,67,55,59,43
79,83,74,71,67,55,43
79,83,74,71,67,55,60,43
55,60,43
55,43
67,62,59,67,62,55,59,59,43
67,62,59,67,62,55,59,43
67,62,59,67,62,55,59,60,43
67,62,59,67,62,59,60
67,62,59,67,62,59
79,62,74,79,74,67,62,59,67,62,59,62
79,62,74,79,74,67,62,59,67,62,59
79,62,74,79,74,67,62,59,67,62,59,67
67,62,59,67,62,59,67
67,62,59,67,62,59
67,62,59,62,67,59,59
67,62,59,62,67,59
67,62,59,62,67,59,60
67,62,59,62,67,59
62,67,59,62,67,59,62
62,67,59,62,67,59
62,67,59,62,67,59,67
62,67,59,62,67,59
62,67,59,67,62,59,59
62,67,59,67,62,59
62,67,59,67,62,59,60
60
79,62,74,81,74,43,62,43
79,62,74,81,74,43,43
79,62,74,81,74,43,64,43
43,64,43
43,43
71,65,62,71,65,43,62,62,43
71,65,62,71,65,43,62,43
71,65,62,71,65,43,62,64,43
71,65,62,71,65,62,64
71,65,62,71,65,62
74,79,83,67,71,71,65,62,71,65,62,65
74,79,83,67,71,71,65,62,71,65,62
74,79,83,67,71,71,65,62,71,65,62,71
71,65,62,71,65,62,71
71,65,62,71,65,62
65,71,62,65,71,62,62
65,71,62,65,71,62
65,71,62,65,71,62,64
65,71,62,65,71,62
65,71,62,71,65,62,65
65,71,62,71,65,62
65,71,62,71,65,62,71
65,71,62,71,65,62
65,71,62,65,71,62,62
65,71,62,65,71,62
65,71,62,65,71,62,64
64
83,74,74,71,44,65
83,74,74,71,44
83,74,74,71,44,74
44,74
44
74,64,59,64,44,74,59,71
74,64,59,64,44,74,59
74,64,59,64,44,74,59,72
74,64,59,64,74,59,72
74,64,59,64,74,59
83,86,74,71,64,74,59,64,74,59,74
83,86,74,71,64,74,59,64,74,59
83,86,74,71,64,74,59,64,74,59,71
64,74,59,64,74,59,71
64,74,59,64,74,59
74,64,59,64,74,59,68
74,64,59,64,74,59
74,64,59,64,74,59,69
74,64,59,64,74,59
64,74,59,64,74,59,71
64,74,59,64,74,59
64,74,59,64,74,59,68
64,74,59,64,74,59
64,74,59,64,74,59,64
64,74,59,64,74,59
64,74,59,64,74,59,62
62
60,45
45
59,45
45
72,64,57,45,64,72,57,57
72,64,57,45,64,72,57
72,64,57,45,64,72,57,59
72,64,57,64,72,57,59
72,64,57,64,72,57
72,64,57,72,64,57,60
72,64,57,72,64,57
72,64,57,72,64,57,64
72,64,57,72,64,57
64,72,57,64,72,57,57
64,72,57,64,72,57
64,72,57,64,72,57,59
64,72,57,64,72,57
72,64,57,72,64,57,60
72,64,57,72,64,57
72,64,57,72,64,57,64
72,64,57,72,64,57
72,64,57,72,64,57,57
72,64,57,72,64,57
72,64,57,72,64,57,59
59
60,57
57
62,57
57
69,64,60,57,64,69,60,60
69,64,60,57,64,69,60
69,64,60,57,64,69,60,62
69,64,60,64,69,60,62
69,64,60,64,69,60
69,64,60,69,64,60,64
69,64,60,69,64,60
69,64,60,69,64,60,69
69,64,60,69,64,60
64,69,60,64,69,60,60
64,69,60,64,69,60
64,69,60,64,69,60,62
64,69,60,64,69,60
69,64,60,69,64,60,64
69,64,60,69,64,60
69,64,60,69,64,60,69
69,64,60,69,64,60
69,64,60,69,64,60,60
69,64,60,69,64,60
69,64,60,69,64,60,62
62
45,64,45
45,45
45,66,45
45,45
64,67,61,45,64,67,61,64
64,67,61,45,64,67,61
64,67,61,45,64,67,61,66
64,67,61,64,67,61,66
64,67,61,64,67,66
64,67,61,64,67
67,64,61,67,64,61,67
67,64,61,67,64,61
67,64,61,67,64,61,73
67,64,61,67,64,73
67,64,61,67,64
64,67,61,64,67,61,64
64,67,61,64,67,61
64,67,61,64,67,61,66
64,67,61,64,67,66
64,67,61,64,67
64,67,61,64,67,61,67
64,67,61,64,67,61
64,67,61,64,67,61,73
64,67,61,64,67,73
64,67,61,64,67
64,67,61,67,64,61,64
64,67,61,67,64,61
64,67,61,67,64,61,66
66
46,67,46
46,46
46,76,46
46,46
64,66,61,46,64,66,61,73
64,66,61,46,64,66,61
64,66,61,46,64,66,61,74
64,66,61,64,66,61,74
64,66,61,64,66,74
64,66,61,64,66
64,66,61,64,66,61,76
64,66,61,64,66,61
64,66,61,64,66,61,73
64,66,61,64,66,73
64,66,61,64,66
64,66,61,64,66,61,70
64,66,61,64,66,61
64,66,61,64,66,61,71
64,66,61,64,66,71
64,66,61,64,66
64,66,61,66,64,61,73
64,66,61,66,64,61
64,66,61,66,64,61,70
64,66,61,66,64,70
64,66,61,66,64
66,64,61,64,66,61,66
66,64,61,64,66,61
66,64,61,64,66,61,64
64
47,63,47
47,47
47,81,47
47,47
63,78,59,47,78,63,59,78
63,78,59,47,78,63,59
63,78,59,47,78,63,59,79
63,78,59,78,63,59,79
63,78,59,78,79
63,78,59,78
63,78,59,78,59,63,81
63,78,59,78,59,63
63,78,59,78,59,63,78
63,78,59,78,78
63,78,59,78
78,63,59,78,63,59,75
78,63,59,78,63,59
78,63,59,78,63,59,76
78,63,59,78,76
78,63,59,78
63,78,59,78,59,63,78
63,78,59,78,59,63
63,78,59,78,59,63,75
63,78,59,78,75
63,78,59,78
63,78,59,78,63,59,71
63,78,59,78,63,59
63,78,59,78,63,59,69
69
52,67,52
52,52
52,83,52
52,52
71,79,64,52,71,79,64,79
71,79,64,52,71,79,64
71,79,64,52,71,79,64,81
71,79,64,71,79,64,81
71,79,64,71,79,81
71,79,64,71,79
79,71,64,71,79,64,83
79,71,64,71,79,64
79,71,64,71,79,64,79
79,71,64,71,79,79
79,71,64,71,79
71,79,64,79,71,64,76
71,79,64,79,71,64
71,79,64,79,71,64,78
71,79,64,79,71,78
71,79,64,79,71
79,71,64,79,71,64,79
79,71,64,79,71,64
79,71,64,79,71,64,76
79,71,64,79,71,76
79,71,64,79,71
79,71,64,71,79,64,72
79,71,64,71,79,64
79,71,64,71,79,64,71
71
69,57
57
84,57
57
76,81,72,57,76,81,72,81
76,81,72,57,76,81,72
76,81,72,57,76,81,72,83
76,81,72,76,81,72,83
76,81,72,76,81,72
76,81,72,81,72,76,84
76,81,72,81,72,76
76,81,72,81,72,76,81
76,81,72,81,72,76
81,76,72,76,72,81,78
81,76,72,76,72,81
81,76,72,76,72,81,79
81,76,72,76,72,81
81,76,72,72,76,81,81
81,76,72,72,76,81
81,76,72,72,76,81,78
81,76,72,72,76,81
76,81,72,72,76,81,75
76,81,72,72,76,81
76,81,72,72,76,81,78
78
75,81,66,71,66,81,75
75,81,66,66,81,75
75,81,66,73,66,81,75
75,81,66,66,81,75
75,81,66,59,66,81,75,59,71
75,81,66,59,66,81,75,59
75,81,66,59,66,81,75,59,73
75,81,66,59,66,81,75,59
75,81,66,59,66,81,75,59,75
75,81,66,59,66,81,75,59
75,81,66,59,66,81,75,59,78
75,81,66,59,66,81,75,59
75,81,66,59,66,81,75,59,71
75,81,66,59,66,81,75,59
75,81,66,59,66,81,75,59,73
75,81,66,59,66,81,75,59
75,81,66,59,66,81,75,59,75
75,81,66,59,66,81,75,59
75,81,66,59,66,81,75,59,78
75,81,66,59,59,78
75,81,66,59,59
75,81,66,59,59,71
75,81,66,59,59
75,81,66,59,59,73
75,81,66,59,59
75,81,66,75,66,81,75
75,81,66,66,81,75
75,81,66,76,66,81,75
75,81,66,66,81,75
75,81,66,54,66,81,75,54,75
75,81,66,54,66,81,75,54
75,81,66,54,66,81,75,54,76
75,81,66,54,66,81,75,54
75,81,66,54,66,81,75,54,78
75,81,66,54,66,81,75,54
75,81,66,54,66,81,75,54,81
75,81,66,54,66,81,75,54
75,81,66,54,66,81,75,54,75
75,81,66,54,66,81,75,54
75,81,66,54,66,81,75,54,76
75,81,66,54,66,81,75,54
75,81,66,54,66,81,75,54,78
75,81,66,54,66,81,75,54
75,81,66,54,66,81,75,54,81
81,66,54,54,81
81,66,54,54
54,81,66,54,75
54,81,66,54
54,81,66,54,76
54,81,66,54
78,81,66,78,66,81,78
78,81,66,66,81,78
78,81,66,79,66,81,78
78,81,66,66,81,78
78,81,66,51,66,81,78,51,78
78,81,66,51,66,81,78,51
78,81,66,51,66,81,78,51,79
78,81,66,51,66,81,78,51
78,81,66,51,66,81,78,51,81
78,81,66,51,66,81,78,51
78,81,66,51,66,81,78,51,84
78,81,66,51,66,81,78,51
78,81,66,51,66,81,78,51,78
78,81,66,51,66,81,78,51
78,81,66,51,66,81,78,51,79
78,81,66,51,66,81,78,51
78,81,66,51,66,81,78,51,81
78,81,66,51,66,81,78,51
78,81,66,51,66,81,78,51,84
81,66,51,51,84
81,66,51,51
51,81,66,51,78
51,81,66,51
51,81,66,51,79
51,81,66,51
75,81,66,81,66,81,75
75,81,66,66,81,75
75,81,66,84,66,81,75
75,81,66,66,81,75
75,81,66,47,66,81,75,47,81
75,81,66,47,66,81,75,47
75,81,66,47,66,81,75,47,78
75,81,66,47,66,81,75,47
75,81,66,47,66,81,75,47,75
75,81,66,47,66,81,75,47
75,81,66,47,66,81,75,47,81
75,81,66,47,66,81,75,47
75,81,66,47,66,81,75,47,78
75,81,66,47,66,81,75,47
75,81,66,47,66,81,75,47,75
75,81,47,66,81,75,47,75
75,81,47,66,81,75,47
75,81,71,47,66,81,75,47,71
75,81,71,47,66,81,75,47
75,81,71,47,66,81,75,47,81
71,47,47,81
71,47,47
47,47,71,79
47,47,71
47,47,71,78
47,47,78
47,47
76,79,79,76,71,52,76
76,79,79,76,71,52
76,79,79,76,71,52,78
52,78
52
79,52
52
76,52
76
79,76,76,79,69,69
79,76,76,79,69
79,76,76,79,69,79
79
78
76
78,75,78,75,71,71
78,75,78,75,71
78,75,78,75,71,78
78
76
75
76,72,76,72,72
76,72,76,72
76,72,76,72,74
74
76
72
76,72,76,72,66,66
76,72,76,72,66
76,72,76,72,66,76
76
74
72
71,74,71,74,68,68
71,74,71,74,68
71,74,71,74,68,74
74
72
71
72,69,72,69,69
72,69,72,69
72,69,72,69,71
71
72
69
69,72,69,72,63,63
69,72,69,72,63
69,72,69,72,63,72
72
71
69
67,71,67,71,64,64
67,71,67,71,64
67,71,67,71,64,71
71
69
67
69,69,66,66
69,69,66
69,69,66,67
67
69
67
69,66,66,69,57,66
69,66,66,69,57
69,66,66,69,57,69
69
67
69
64,69,64,69,60,66
64,69,64,69,60
64,69,64,69,60,69
69
64
69
69,63,63,69,59,63
69,63,63,69,59
69,63,63,69,59,64
64
66
67
66,66,63,69
66,66,63
66,66,63,63
63
72
63
71,63,71,63,59,71
71,63,71,63,59
71,63,71,63,59,63
63
69
63
64,67,67,64,47,67,64,47,64
64,67,67,64,47,67,64,47
64,67,67,64,47,67,64,47,67
64,67,67,64,47,67,64,47
64,67,67,64,47,67,64,47,64
64,67,67,64,47,67,64,47
64,67,67,64,47,67,64,47,59
59
76,71,76,71,55,71,76
76,71,76,71,71,76
76,71,76,71,59,71,76
76,71,76,71,71,76
76,71,76,71,43,71,76,43,64
76,71,76,71,43,71,76,43
76,71,76,71,43,71,76,43,59
43,43,59
59
40,40,67
40,40
40,40,59
59
43,43,64
43,43
43,43,59
59
69,66,69,66,63,47,69,66,47,63
69,66,69,66,63,47,69,66,47
69,66,69,66,63,47,69,66,47,66
69,66,69,66,63,47,69,66,47
69,66,69,66,63,47,69,66,47,63
69,66,69,66,63,47,69,66,47
69,66,69,66,63,47,69,66,47,59
59
78,69,69,78,59,63,78,69
78,69,69,78,59,78,69
78,69,69,78,59,66,78,69
78,69,69,78,59,78,69
78,69,69,78,59,51,78,69,51,71
78,69,69,78,59,51,78,69,51
78,69,69,78,59,51,78,69,51,66
51,51,66
66
47,47,75
47,47
47,47,71
71
51,51,78
51,51
51,51,69
69
67,67,59,52,67,52,67
67,67,59,52,67,52
67,67,59,52,67,52,71
67,67,59,52,67,52
67,67,59,52,67,52,67
67,67,59,52,67,52
67,67,59,52,67,52,64
64
76,71,71,76,67,67,71,76
76,71,71,76,67,71,76
76,71,71,76,67,71,71,76
76,71,71,76,67,71,76
76,71,71,76,67,55,71,76,55,76
76,71,71,76,67,55,71,76,55
76,71,71,76,67,55,71,76,55,71
55,55,71
71
52,52,79
52,52
52,52,76
76
55,55,83
55,55
55,55,79
79
75,59
59
78,59
59
66,71,71,66,63,59,66,71,63,75
66,71,71,66,63,59,66,71,63
66,71,71,66,63,59,66,71,63,71
59,71
59
75,71,75,71,66,59,75,71,66,83
75,71,75,71,66,59,75,71,66
75,71,75,71,66,59,75,71,66,82
59,82
59
78,75,75,78,71,59,78,75,71,83
78,75,75,78,71,59,78,75,71
78,75,75,78,71,59,78,75,71,82
59,82
59
83,78,83,78,75,59,83,78,75,83
83,78,83,78,75,59,83,78,75
83,78,83,78,75,59,83,78,75,78
59,78
59
79,59
59
76,59
59
75,59
59
78,59
59
66,71,71,66,63,59,66,71,63,75
66,71,71,66,63,59,66,71,63
66,71,71,66,63,59,66,71,63,71
59,71
59
71,75,75,71,66,59,75,71,66,81
71,75,75,71,66,59,75,71,66
71,75,75,71,66,59,75,71,66,80
59,80
59
75,78,78,75,71,59,75,78,71,81
75,78,78,75,71,59,75,78,71
75,78,78,75,71,59,75,78,71,80
59,80
59
81,78,81,78,75,59,81,78,75,81
81,78,81,78,75,59,81,78,75
81,78,81,78,75,59,81,78,75,78
59,78
59
79,59
59
76,59
59
75,59
59
78,59
59
66,75,66,75,66,59,75,75
66,75,66,75,66,59,75
66,75,66,75,66,59,75,71
59,71
59
67,76,67,76,76,59,67,72
67,76,67,76,76,59,67
67,76,67,76,76,59,67,71
59,71
59
66,75,75,66,75,59,66,72
66,75,75,66,75,59,66
66,75,75,66,75,59,66,71
59,71
59
67,76,67,76,67,59,76,72
67,76,67,76,67,59,76
67,76,67,76,67,59,76,66
66
72,64,64,72,64,72,67
72,64,64,72,64,72
72,64,64,72,64,72,64
64
66,71,63,59,66,71,63,63
66,71,63,59,66,71,63
66,71,63,59,66,71,63,66
66,71,63,66,71,63,66
66,71,63,66,71,63
66,71,63,66,66,71,63,71
66,71,63,66,66,71,63
66,71,63,66,66,71,63,81
66,71,63,66,71,63,81
66,71,63,66,71,63
66,71,63,63,66,71,63,81
66,71,63,63,66,71,63
66,71,63,63,66,71,63,78
66,71,63,66,71,63,78
66,71,63,66,71,63
66,71,63,64,66,71,63,79
66,71,63,64,66,71,63
66,71,63,64,66,71,63,76
66,71,63,66,71,63,76
66,71,63,66,71,63
66,71,63,66,66,71,63,75
66,71,63,66,66,71,63
66,71,63,66,66,71,63,78
71,78
71
63,71,71
63,71
63,71,69
71,69
71
67,71,59,64,71,67,59,67
67,71,59,64,71,67,59
67,71,59,64,71,67,59,71
67,71,59,71,67,59,71
67,71,59,71,67,59
67,71,59,55,71,67,59,76
67,71,59,55,71,67,59
67,71,59,55,71,67,59,83
67,71,55,71,67,83
67,71,71,67,83
67,71,71,67
67,71,64,52,71,67,64,83
67,71,64,52,71,67,64
67,71,64,52,71,67,64,79
67,71,64,71,67,64,79
67,71,64,71,67,64
67,71,64,54,71,67,64,81
67,71,64,54,71,67,64
67,71,64,54,71,67,64,78
67,71,64,71,67,64,78
67,71,64,71,67,64
67,71,64,55,71,67,64,76
67,71,64,55,71,67,64
67,71,64,55,71,67,64,79
64,64,79
64,64
52,72,64,64
52,72
52
52,71
71
65,72,72,65,60,57,72,65,60,69
65,72,72,65,60,57,72,65,60
65,72,72,65,60,57,72,65,60,72
65,72,72,65,60,72,65,60,72
65,72,72,65,60,72,65,60
65,72,72,65,60,45,72,65,60,65
65,72,72,65,60,45,72,65,60
65,72,72,65,60,45,72,65,60,64
45,64
64
78,81,78,81,59,47,78,81,59,63
78,81,78,81,59,47,78,81,59
78,81,78,81,59,47,78,81,59,66
78,81,78,81,59,78,81,59,66
78,81,78,81,59,78,81,59
78,81,78,81,59,51,78,81,59,59
78,81,78,81,59,51,78,81,59
78,81,78,81,59,51,78,81,59,57
51,57
57
52,55
52
52,59
59
79,79,71,64,50,79,59,64,64
71,64,50,59,64
78,78,71,64,50,78,59,64,66
78,78,78,66
76,71,76,71,64,48,76,71,64,67
76,71,76,71,64,48,76,71,64
76,71,76,71,64,48,76,71,64,64
64
72,69,72,69,63,42,72,69,63,69
72,69,72,69,63,42,72,69,63
72,69,72,69,63,42,72,69,63,64
64
67,71,67,71,64,43,67,71,64,71
67,71,67,71,64,43,67,71,64
67,71,67,71,64,43,67,71,64,64
64
66,69,69,66,60,45,66,69,60,72
66,69,69,66,60,45,66,69,60
66,69,69,66,60,45,66,69,60,64
64
64,67,64,67,59,47,64,67,59,59
64,67,64,67,59,47,64,67,59
64,67,64,67,59,47,64,67,59,64
64
66,63,63,66,59,47,66,63,59,66
66,63,63,66,59,47,66,63,59
66,63,63,66,59,47,66,63,59,63
63
64,67,67,64,59,40,67,64,59,64
64,67,67,64,59,40,67,64,59
64,67,67,64,59,40,67,64,59,67
67,64,59,40,67,64,59,67
67,64,59,40,67,64,59
66,67,64,59,40,67,64,59
67,64,59,40,67,64,59
67,67,64,59,40,67,64,59
67,67,64,59,67,64,59
67,64,59,67,64,59
52,64,67,64,59,67,64,59
52,67,64,59,67,64,59
52,67,67,64,59,67,64,59
52,67,64,59,67,64,59
52,62,67,64,59,67,64,59
52,67,64,59,67,64,59
52,67,67,64,59,67,64,59
67,67,64,59,67,64,59
67,64,59,67,64,59
61,67,64,59,67,64,59
67,64,59,67,64,59
67,67,64,59,67,64,59
67,67,64
67,64
52,59,67,64
52,67,64
52,67,67,64
67,67,64
67,64
61,57,67,64,67,64,61,61
61,57,67,64,67,64,61
61,57,67,64,67,64,61,67
61,57,67,64,67,64,61
61,57,67,64,67,64,61,62
61,57,67,64,67,64,61
61,57,67,64,67,64,61,67
61,67,64,67,64,61,67
61,67,64,67,64,61
61,45,67,64,67,64,61,64
61,45,67,64,67,64,61
61,45,67,64,67,64,61,67
61,45,67,64,67,64,61
61,45,67,64,67,64,61,66
61,45,67,64,67,64,61
61,45,67,64,67,64,61,69
61,67,64,67,64,61,69
61,67,64,67,64,61
61,67,67,64,67,64,61
61,67,64,67,64,61
61,66,67,64,67,64,61
66
45,64
45
45,67
67
62,66,57,50,66,62,57,66
62,66,57,50,66,62,57
62,66,57,50,66,62,57,67
62,66,57,50,66,62,57
62,66,57,50,66,62,57,66
62,66,57,50,66,62,57
62,66,57,50,66,62,57,64
62,66,57,66,62,57,64
62,66,57,66,62,57
62,66,57,62,66,62,57,62
62,66,57,62,66,62,57
62,66,57,62,66,62,57,74
62,66,57,62,66,62,57
62,66,57,62,66,62,57,73
62,66,62,66,62,73
62,66,62,66,62
62,66,74,62,66,62
62,66,74,66,62
62,66,66,62
62,66,59,59,66,62,71
62,66,59,59,66,62
62,66,59,59,66,62,74
59,59,74
59,59
59,69,59,59
59,59,59
59,74,59,59
59,74
74
59,68,64,64,68,59,52,68
59,68,64,64,68,59,52
59,68,64,64,68,59,52,74
59,68,64,64,68,59,52
59,68,64,64,68,59,52,69
59,68,64,64,68,59,52
59,68,64,64,68,59,52,74
59,68,64,68,59,52,74
59,68,64,68,59,52
59,68,64,52,68,59,52,71
59,68,64,52,68,59,52
59,68,64,52,68,59,52,74
59,68,64,52,68,59,52
59,68,64,52,68,59,52,73
59,68,64,52,68,59,52
59,68,64,52,68,59,52,76
59,68,64,68,59,52,76
59,68,64,68,59,52
59,68,64,74,68,59,52
59,68,64,68,59,52
59,68,64,73,68,59,52
73
52,71
52
52,74
74
69,61,64,57,61,69,57,73,50
69,61,64,57,61,69,57,50
69,61,64,57,61,69,57,74,50
74,50
50
69,81,76,81,76,45,45,73,50
69,81,76,81,76,50
69,81,76,81,76,47,47,71,50
47,47,71,50
47,47,71
76,81,69,76,81,49,49,69
76,81,69,76,81,49,49
76,81,69,76,81,49,49,71
71
81,69,76,81,76,52,52,73
81,69,76,81,76,52,52
81,69,76,81,76,52,52,74
74
76,69,81,81,76,57,57,76
76,69,81,81,76,57,57
76,69,81,81,76,57,57,78
78
69,76,81,81,76,55,55,79
69,76,81,81,76,55,55
69,76,81,81,76,55,55,76
76
74,81,78,78,81,81,50,50,50
74,81,78,78,81,50,50,50
74,81,78,78,81,69,50,50,50
74,81,78,78,81,50,50,50
74,81,78,78,81,67,67,50,67,50,67,50
74,81,78,78,81,67,67,50,67,50,50
74,81,78,78,81,67,67,50,67,50,69,50
67,67,67,69,50
69,50
69
66,66,62,66,62,66
66,66,62,66,62
66,66,62,66,62,69
62,62,69
62,62
64,64,62,64,62,64
64,64,62,64,62
64,64,62,64,62,69
64,64,64,69
69
62,62,62,62
62,62,62
62,62,62,69
69
60,60,54,60,54,60
60,60,54,60,54
60,60,54,60,54,69
69
55,55,59,59,59,59,50
55,55,59,59,59,50
55,55,62,59,59,59,50
62,59,59,59,50
59,59,59,50
83,79,74,83,79,59,59,43,59,43,64,50
83,79,74,83,79,59,59,59,50
83,79,74,83,79,59,59,45,59,45,66,50
83,79,74,83,79,45,45,66,50
45,45,66,50
45,45,66
79,74,83,83,79,47,47,67
79,74,83,83,79,47,47
79,74,83,83,79,47,47,69
69
74,79,83,83,79,50,50,71
74,79,83,83,79,50,50
74,79,83,83,79,50,50,72
72
83,79,74,79,83,55,55,74
83,79,74,79,83,55,55
83,79,74,79,83,55,55,76
76
83,79,74,83,79,54,54,78
83,79,74,83,79,54,54
83,79,74,83,79,54,54,74
74
83,76,79,79,83,79,52,52
83,76,79,79,83,52,52
83,76,79,79,83,67,52,52
83,76,79,79,83,52,52
83,76,79,79,83,66,66,52,66,52,66
83,76,79,79,83,66,66,52,66,52
83,76,79,79,83,66,66,52,66,52,67
66,66,66,67
67
64,64,61,64,61,64
64,64,61,64,61
64,64,61,64,61,67
61,61,67
61,61
62,62,61,62,61,62
62,62,61,62,61
62,62,61,62,61,67
62,62,62,67
67
61,61,61,61
61,61,61
61,61,61,67
67
59,59,52,59,52,59
59,59,52,59,52
59,59,52,59,52,67
67
54,54,57,57,57,57,50
54,54,57,57,57,50
54,54,61,57,57,57,50
61,57,57,57,50
57,57,57,50
69,85,81,85,81,57,57,42,57,42,62,50
69,85,81,85,81,57,57,57,50
69,85,81,85,81,57,57,43,57,43,64,50
69,85,81,85,81,43,43,64,50
43,43,64,50
43,43,64
85,81,69,85,81,45,45,66
85,81,69,85,81,45,45
85,81,69,85,81,45,45,67
67
85,69,81,81,85,49,49,69
85,69,81,81,85,49,49
85,69,81,81,85,49,49,71
71
85,81,69,81,85,54,54,73
85,81,69,81,85,54,54
85,81,69,81,85,54,54,74
74
85,69,79,85,79,52,52,76
85,69,79,85,79,52,52
85,69,79,85,79,52,52,73
73
78,86,69,78,86,50,50,78,50
78,86,69,78,86,50,50,50
78,86,69,78,86,50,50,66,50
78,86,69,78,86,66,50
78,86,69,78,86,50
78,86,69,78,86,64,64,52,64,52,64,50
78,86,69,78,86,64,64,52,64,52,50
78,86,69,78,86,64,64,52,64,52,66,50
64,64,52,64,52,66,50
66,50
66
62,62,50,62,50,62
62,62,50,62,50
62,62,50,62,50,66
66
60,60,48,60,48,60
60,60,48,60,48
60,60,48,60,48,66
66
59,59,47,59,47,59
59,59,47,59,47
59,59,47,59,47,66
66
57,57,45,57,45,57
57,57,45,57,45
57,57,45,57,45,66
66
55,55,43,55,43,55
55,55,43,55,43
55,55,43,55,43,66
55,55,43,55,43
55,55,43,55,43,71
55,55,43,55,43
55,55,43,55,43,69
69
71,67,71,71,67
71,67,71,67
71,67,74,71,67
71,67,71,67
71,67,47,71,67,47,79
71,67,47,71,67,47
71,67,47,71,67,47,78
71,67,71,67,78
71,67,71,67
71,67,52,71,67,52,79
71,67,52,71,67,52
71,67,52,71,67,52,76
71,67,71,67,76
71,67,71,67
71,67,55,71,67,55,71
55,55,71
55,55
74,55,55
74
45,57,67,57,73,67,73,57,50
45,57,67,57,73,67,73,50
45,57,67,57,73,67,73,64,50
45,57,67,57,73,67,73,50
45,57,67,57,73,67,73,73,50
45,57,67,57,73,67,73,50
45,57,67,57,73,67,73,71,50
67,57,73,67,73,71,50
67,57,73,67,73,71
67,57,73,67,73
81,76,67,57,73,67,73,73
81,76,67,57,73,67,73
81,76,67,57,73,67,73,76
67,57,73,67,73,76
67,57,73,67,73
49,49,67,57,73,67,73,79
49,49,73,79
49,49,73
49,49,78,73
78,73
73
69,76,52,52,79,73
69,76,52,52,73
69,76,52,52,76,73
76,73
73
57,57,73,73
57,57,73
57,57,76,73
76,73
73
45,57,50,66,73,57,66,57
45,50,66,73,57,66,57
45,66,50,66,73,57,66,57
45,50,66,73,57,66,57
45,69,50,66,73,57,66,57
45,50,66,73,57,66,57
45,67,50,66,73,57,66,57
67,50,66,73,57,66,57
67,66,73,57,66,57
66,73,57,66,57
74,69,78,78,74,66,73,57,66,57,69
74,69,78,78,74,66,73,57,66,57
74,69,78,78,74,66,73,57,66,57,74
66,73,57,66,57,74
66,73,57,66,57
50,78,66,73,57,66,57
50,78,57
50,57
50,76,57
76,57
57
69,74,66,74,69,54,78,57
69,74,66,74,69,54,57
69,74,66,74,69,54,74,57
74,57
57
57,71,57
57,57
57,74,57
74,57
57
45,57,50,68,74,57,74,68,57
45,50,68,74,57,74,68,57
45,68,50,68,74,57,74,68,57
68,50,68,74,57,74,68,57
50,68,74,57,74,68,57
45,71,50,68,74,57,74,68,57
45,50,68,74,57,74,68,57
45,69,50,68,74,57,74,68,57
69,50,68,74,57,74,68,57
69,68,74,57,74,68,57
68,74,57,74,68,57
83,74,80,83,80,68,74,57,45,74,68,57,71
83,74,80,83,80,68,74,57,45,74,68,57
83,74,80,83,80,68,74,57,45,74,68,57,74
68,74,57,74,68,57,74
68,74,57,74,68,57
45,80,68,74,57,74,68,57
45,80
45
45,78
78
76,80,74,76,80,45,80
76,80,74,76,80,45
76,80,74,76,80,45,74
74
45,71
45
45,74
74
76,69,81,76,81,73,64,57,45,73,64,45,73,50
76,69,81,76,81,73,64,57,45,73,64,45,50
76,69,81,76,81,73,64,57,45,73,64,45,81,50
64,57,45,73,64,45,81,50
64,57,45,73,64,45,50
64,45,50
76,80,64,45,50
64,45,50
74,78,64,45,50
74,78,50
74,78
73,76
73
73,81
81
76,76
76
76,74
74
69,73
69
69,76
76
73,73
73
73,71
71
81,85,76,85,81,64,64,45,64,45,69,50
81,85,76,85,81,64,64,45,64,45,50
81,85,76,85,81,64,64,45,64,45,81,50
64,45,64,45,81,50
64,45,64,45,50
45,64,50
76,79,45,64,50
45,64,50
74,78,45,64,50
74,78,50
74,78
73,76
73
73,79
79
69,76
69
69,74
74
64,73
64
64,76
76
67,73
67
67,71
71
81,74,86,81,86,66,66,45,66,62,69,50
81,74,86,81,86,66,66,45,66,62,50
81,74,86,81,86,66,66,45,66,62,79,50
66,45,62,79,50
66,45,62,50
45,50
69,69,78,45,50
45,50
67,67,76,45,50
67,67,76,50
67,67,76
66,66,74
66,66
66,66,78
78
69,69,74
69,69
69,69,73
73
62,62,71
62,62
62,62,74
74
66,66,71
66,66
66,66,69
69
85,76,81,81,85,61,45,61,67,50
85,76,81,81,85,61,45,61,50
85,76,81,81,85,61,45,61,78,50
61,45,61,78,50
61,45,61,50
45,50
76,79,57,76,79,57,45,76,50
57,57,45,50
74,78,57,78,74,57,45,74,50
74,78,57,78,74,57,74,50
74,78,57,78,74,57,74
57,57
76,69,81,76,81,76,79,61,76,79,61,73
76,69,81,76,81,76,79,61,76,79,61
76,69,81,76,81,76,79,61,76,79,61,76
76
76,73,76,73,76,73
76,73,76,73,76
76,73,76,73,76,71
71
69,73,67,69,73,67,69
69,73,67,69,73,67
69,73,67,69,73,67,73
73
76,64,61,64,76,61,69
76,64,61,64,76,61
76,64,61,64,76,61,67
67
62,81,74,81,74,66,69,62,45,66,69,62,66,50
62,81,74,81,74,66,69,62,45,66,69,62,50
62,81,74,81,74,66,69,62,45,66,69,62,74,50
45,74,50
45,50
67,71,62,67,71,62,71,45,50
67,71,62,67,71,62,45,50
67,71,62,67,71,62,69,45,50
67,71,62,67,71,62,69,50
69,50
69
69,78,78,69,73,69,64,69,73,64,67
69,78,78,69,73,69,64,69,73,64
69,78,78,69,73,69,64,69,73,64,71
71
74,71,66,71,74,66,67
74,71,66,71,74,66
74,71,66,71,74,66,66
66
76,73,67,76,73,67,64
76,73,67,76,73,67
76,73,67,76,73,67,67
67
78,74,69,78,74,69,64
78,74,69,78,74,69
78,74,69,78,74,69,62
62
76,79,61,61,79,76,61
76,79,61,79,76,61
76,79,61,64,79,76,61
76,79,61,79,76,61
76,79,61,57,79,76,61,67
76,79,61,79,76,61
76,79,61,55,79,76,61,71
76,79,61,79,76,61
76,79,61,57,79,76,61,69
76,79,61,57,79,76,61
76,79,61,57,79,76,61,73
76,79,61,79,76,61,73
76,79,61,79,76,61
76,79,61,52,79,76,61,76
76,79,61,52,79,76,61
76,79,61,52,79,76,61,79
76,79,61,79,76,61,79
76,79,61,79,76,61
76,79,61,49,79,76,61,79
61,49,61
74,78,61,49,78,61
74,78,78
76,79,61,45,79
61,45
76,73,61,45,76
76,73,76
78,78,74,78,57,50,78,74,57,78
78,78,74,78,57,50,78,74,57
78,78,74,78,57,50,78,74,57,74
74,78,57,78,74,57,74
74,78,57,78,74,57
74,74,74,78,57,47,78,74,57,78,50
74,78,57,47,78,74,57,50
78,78,74,78,57,47,78,74,57,81,50
78,78,47,81,50
78,78,81
81,81,42,86,50
81,81,42,50
81,81,42,81,50
81
74,74,71,64,43,78,50
74,74,71,64,43,50
74,74,71,64,43,74,50
74
78,78,74,69,45,69,50
78,78,74,69,45,50
78,78,74,69,45,76,50
76
76,76,69,67,45,86,50
76,76,69,67,45,50
76,76,69,67,45,85,50
85
74,74,69,66,38,69,66,86
74,74,69,66,38,69,66
74,74,69,66,38,69,66,81
69,66,38,69,66,81
69,66,38,69,66
78,78,69,66,38,69,66,78
78,78,69,66,38,69,66
78,78,69,66,38,69,66,74
69,66,38,69,66,74
69,66,38,69,66
81,81,69,66,38,69,66,72
81,81,38
81,81,74,38
81,81,38
81,81,71,71,38,71
81,81,71,71,38
81,81,71,71,38,74
81,81,38,74
81,81,38
81,81,72,72,38,72
81,81,72,72,38
81,81,72,72,38,74
81,81,38,74
81,81,38
81,81,69,69,38,69
81,81,69,69,38
81,81,69,69,38,74
81,81,38,74
81,81,38
81,81,71,62,38,71,62,71
81,81,71,62,38,71,62
81,81,71,62,38,71,62,74
71,62,38,71,62,74
71,62,38,71,62
79,79,71,62,38,71,62,79
71,62,38,71,62
78,78,71,62,38,71,62,74
71,62,38,71,62
79,79,71,62,38,71,62,71
79,79,38
79,79,74,38
79,79,38
79,79,69,69,38,69
79,79,69,69,38
79,79,69,69,38,74
79,79,38,74
79,79,38
79,79,71,71,38,71
79,79,71,71,38
79,79,71,71,38,74
79,79,38,74
79,79,38
79,79,67,67,38,67
79,79,67,67,38
79,79,67,67,38,74
79,79,38,74
79,79,38
79,79,69,62,38,69,62,69
79,79,69,62,38,69,62
79,79,69,62,38,69,62,74
69,62,38,69,62,74
69,62,38,69,62
78,78,69,62,38,69,62,78
69,62,38,69,62
76,76,69,62,38,69,62,74
69,62,38,69,62
78,78,69,62,38,69,62,69
78,78,38
78,78,74,38
78,78,38
78,78,67,67,38,67
78,78,67,67,38
78,78,67,67,38,74
78,78,38,74
78,78,38
78,78,69,69,38,69
69,69,38
74,69,69,38
74
74,74,69,66,54,66
74,74,69,66,54
74,74,69,66,54,74
74
69,73,67,67,73,69,81,78,52,73,67,69,52,67
69,73,67,67,73,69,52,73,67,69,52,67
69,73,67,67,73,69,79,76,52,73,67,69,52,67
69,73,67,67,73,69,79,76,52,73,67,69,52
69,73,67,67,73,69,52,73,67,69,52
69,73,67,67,73,69,81,78,52,73,67,69,52,74
69,73,67,67,73,69,52,73,67,69,52,74
69,73,67,67,73,69,79,76,52,73,67,69,52,74
79,76,74
79,76
81,78,55,55,76
55,55,76
79,76,55,55,76
79,76
81,78,54,54,74
54,54,74
79,76,54,54,74
79,76
76,69,73,76,73,69,81,78,55,73,69,76,55,73
76,69,73,76,73,69,55,73,69,76,55,73
76,69,73,76,73,69,79,76,55,73,69,76,55,73
76,69,73,76,73,69,79,76,55,73,69,76,55
76,69,73,76,73,69,55,73,69,76,55
76,69,73,76,73,69,81,78,55,73,69,76,55,69
76,69,73,76,73,69,55,73,69,76,55,69
76,69,73,76,73,69,79,76,55,73,69,76,55,69
79,76,69
79,76
81,78,52,52,73
52,52,73
79,76,52,52,73
79,76,52,52
52,52
81,78,52,52,74
52,52,74
79,76,52,52,74
79,76,74
79,76
76,69,79,79,76,69,81,78,49,69,76,79,49,76
76,69,79,79,76,69,49,69,76,79,49,76
76,69,79,79,76,69,79,76,49,69,76,79,49,76
76,69,79,79,76,69,79,76,49,69,76,79,49
76,69,79,79,76,69,49,69,76,79,49
76,69,79,79,76,69,81,78,49,69,76,79,49,69
76,69,79,79,76,69,49,69,76,79,49,69
76,69,79,79,76,69,79,76,49,69,76,79,49,69
79,76,69
79,76
52,52,76,79,76
52,52,79,76
52,52,78,79,76
78,79,76
79,76
73,50,76,73,79,79,76,45,73,45
73,76,73,79,79,76,45,73,45
73,78,81,76,73,79,79,76,45,73,45
73,78,81,45,73,45
73,45,73,45
73,81,78,81,78,81,61,81,45,73,78,74,45,73,78,50
81,78,81,78,81,61,81,78,74,73,78,50
78,74
78,74,74,78,78,57,38,50,50,38,78,74,69,43,78,74
78,74,74,78,78,38,50,50,38,78,74,69,43,78,74
78,74,74,78,78,69,38,50,50,38,78,74,69,43,78,74
78,74,69,78,74,43,78,74
78,74,78,74,43,78,74
78,74,78,74,78,74
78,74,71,78,71,74,78,71,55,43,78,74,71,55,43,78,74
78,74,71,78,71,74,78,71,55,43,78,74,71,55,43
78,74,71,78,71,74,78,71,55,43,78,74,71,55,43,79
78,74,71,78,71,74,78,71,55,43,78,74,71,55,43
78,74,71,78,71,74,78,71,55,43,78,74,71,55,43,78
71,71,71,55,43,71,55,43,78
71,71,71,55,43,71,55,43
76,76,71,76,71,76,79,71,55,43,71,55,43
76,76,76,76,79
76,76,76,76
76,76,76,76,76
76
73,69,76,73,73,69,57,45,69,76,73,57,45,78,69,73
73,69,76,73,73,69,57,45,69,76,73,57,45,69,73
73,69,76,73,73,69,57,45,69,76,73,57,45,76,69,73
73,69,76,73,73,69,57,45,69,76,73,57,45,69,73
73,69,76,73,73,69,57,45,69,76,73,57,45,78,69,73
73,69,76,73,73,69,57,45,69,76,73,57,45,69,73
73,69,76,73,73,69,57,45,69,76,73,57,45,76,69,73
76,73,69,57,45,69,76,73,57,45,76,69,73
76,73,69,57,45,57,45,76,69,73
76,73,69,57,45,57,45,69,73
69,69,76,69,73,69,57,45,78,45,57,45,69,73
69,69,76,69,73,69,57,45,45,57,45,69,73
69,69,76,69,73,69,57,45,76,45,57,45,69,73
76,73,69,57,45,76,57,45,69,73
76,73,69,57,45,57,45,69,73
69,69,76,69,73,69,57,45,78,45,57,45,69,73
69,69,78,45,69,73
69,69,45,69,73
69,76,69,45,69,73
76,69,73
69,73
69,74,69,67,69,74,67,45,74,69,45,78,45,69,73
69,74,69,67,69,74,67,45,74,69,45,45,69,73
69,74,69,67,69,74,67,45,74,69,45,76,45,69,73
69,74,69,67,69,74,67,45,74,69,45,76,45
69,74,69,67,69,74,67,45,74,69,45,45
67,67,45,45
69,69,69,67,74,45,67,45,45
69,69,69,74,45
69,62,74,69,74,66,69,66,50,38,69,74,62,50,38,74,50
69,62,74,69,74,66,69,66,50,38,69,74,62,50,38,50
69,62,74,69,74,66,69,66,50,38,69,74,62,50,38,86,50
50,38,50,38,86,50
50,38,50,38,50
81,81,85,50,38,50,38,50
50,38,50,38,50
79,79,83,50,38,50,38,50
79,79,83,50
79,79,83
74,69,62,69,74,78,78,74,69,62,81
74,69,62,69,74,78,78,74,69,62
74,69,62,69,74,78,78,74,69,62,86
86
76,76,79
76,76
76,76,86
86
74,69,78,78,74,74,74,78,74,69,78
74,69,78,78,74,74,74,78,74,69
74,69,78,78,74,74,74,78,74,69,86
86
73,73,76
73,73
73,73,86
86
81,74,78,81,78,74,74,74,78,81,74
81,74,78,81,78,74,74,74,78,81
81,74,78,81,78,74,74,74,78,81,74
74
69,69,38,38,73,50
38,38,50
67,67,38,38,71,50
67,67,71
69,78,74,78,74,66,66,38,74,78,69,38,69,50
69,78,74,78,74,66,66,38,74,78,69,38,50
69,78,74,78,74,66,66,38,74,78,69,38,74,50
66,66,74
66,66
64,64,38,38,67,50
64,64,38,38,50
64,64,38,38,74,50
64,64,74
64,64
81,78,74,78,81,62,62,38,78,81,74,38,66,50
81,78,74,78,81,62,62,38,78,81,74,38,50
81,78,74,78,81,62,62,38,78,81,74,38,74,50
62,62,74
62,62
61,61,38,38,64,50
61,61,38,38,50
61,61,38,38,74,50
61,61,74
61,61
81,78,86,81,86,74,62,38,50,81,86,78,50,38,62,50
81,78,86,81,86,74,62,38,50,81,86,78,50,38,50
81,78,86,81,86,74,62,38,50,81,86,78,50,38,66,50
81,78,86,81,86,74,62,38,50,81,86,78,50,38,50
81,78,86,81,86,74,62,38,50,81,86,78,50,38,69,50
81,78,86,81,86,74,62,38,50,81,86,78,50,38,50
81,78,86,81,86,74,62,38,50,81,86,78,50,38,73,50
81,78,86,81,86,74,62,38,50,81,86,78,50,38,50
81,78,86,81,86,74,62,38,50,81,86,78,50,38,74,50
81,78,86,81,86,74,62,38,50,81,86,78,50,38,50
81,78,86,81,86,74,62,38,50,81,86,78,50,38,78,50
81,78,86,81,86,74,62,38,50,81,86,78,50,38,50
81,78,86,81,86,74,62,38,50,81,86,78,50,38,81,50
81,78,86,81,86,74,62,38,50,81,86,78,50,38,50
81,78,86,81,86,74,62,38,50,81,86,78,50,38,85,50
81,78,86,81,86,74,62,38,50,81,86,78,50,38,50
81,78,86,81,86,74,62,38,50,81,86,78,50,38,86,50
86
